-- phpMyAdmin SQL Dump
-- version 3.5.2.2
-- http://www.phpmyadmin.net
--
-- Host: 127.0.0.1
-- Generation Time: May 13, 2017 at 01:48 PM
-- Server version: 5.5.27
-- PHP Version: 5.4.7

SET SQL_MODE="NO_AUTO_VALUE_ON_ZERO";
SET time_zone = "+00:00";


/*!40101 SET @OLD_CHARACTER_SET_CLIENT=@@CHARACTER_SET_CLIENT */;
/*!40101 SET @OLD_CHARACTER_SET_RESULTS=@@CHARACTER_SET_RESULTS */;
/*!40101 SET @OLD_COLLATION_CONNECTION=@@COLLATION_CONNECTION */;
/*!40101 SET NAMES utf8 */;

--
-- Database: `clearance`
--

DELIMITER $$
--
-- Procedures
--
CREATE DEFINER=`root`@`localhost` PROCEDURE `changeStudStatusRemarks`(IN LRN_Number varchar(20), IN Section_Code varchar(25), IN Signatory_Code varchar(25), IN newStatus varchar(20))
BEGIN
	Update tbstudent_subject
	set Status = newStatus
	WHERE LRN_Number = LRN_Number
	AND Section_Code = Section_Code
	AND Subject_Signatory_Code = Signatory_Code;
END$$

CREATE DEFINER=`root`@`localhost` PROCEDURE `deleteSection`(IN secCode VARCHAR(20), IN teachID VARCHAR(25))
BEGIN
	delete from tbsection where Section_code = secCode AND Adviser = teachID;
	delete from tbsubject_section where Section_code = secCode AND Teacher_ID = teachID;
END$$

CREATE DEFINER=`root`@`localhost` PROCEDURE `getSectionStudents`(IN secCode varchar(25))
BEGIN
	SELECT distinct Section_Code, LRN_Number, concat(Last_Name, ', ', First_Name, ' ', Initial) as 'stud_fulname' 
	FROM clearance.tbstudent_subject_query 
	where Section_Code = secCode
    ORDER BY Last_Name;
END$$

CREATE DEFINER=`root`@`localhost` PROCEDURE `getSectionSubjectStuds`(IN secCode VARCHAR(25), IN subCode VARCHAR(25))
BEGIN
	SELECT * FROM clearance.tbstudent_subject_query WHERE Section_Code = secCode 
	AND Category = 'SUBJECT' 
	AND Subject_Signatory_Code = subCode
    ORDER BY Last_Name;
END$$

CREATE DEFINER=`root`@`localhost` PROCEDURE `getStudFullName`(IN LRN_num varchar(20))
BEGIN
	select lower(concat(Last_Name, ", ", First_Name)) as 'Name'
    FROM tbstudent 
    WHERE LRN_Number = LRN_num;
END$$

CREATE DEFINER=`root`@`localhost` PROCEDURE `TeachlastTID`()
BEGIN
	select Teacher_ID from tbteacher order by Teacher_ID desc limit 1;
END$$

CREATE DEFINER=`root`@`localhost` PROCEDURE `viewCol`(IN tbName VARCHAR(20), IN dbName varchar(20))
BEGIN
	SELECT column_name as 'Col'
FROM information_schema.columns
WHERE  table_name = tbName
   AND table_schema = dbName;
END$$

--
-- Functions
--
CREATE DEFINER=`root`@`localhost` FUNCTION `CAP_FIRST`(input VARCHAR(255)) RETURNS varchar(255) CHARSET latin1
    DETERMINISTIC
BEGIN
	DECLARE len INT;
	DECLARE i INT;

	SET len   = CHAR_LENGTH(input);
	SET input = LOWER(input);
	SET i = 0;

	WHILE (i < len) DO
		IF (MID(input,i,1) = ' ' OR i = 0) THEN
			IF (i < len) THEN
				SET input = CONCAT(
					LEFT(input,i),
					UPPER(MID(input,i + 1,1)),
					RIGHT(input,len - i - 1)
				);
			END IF;
		END IF;
		SET i = i + 1;
	END WHILE;

	RETURN input;
END$$

DELIMITER ;

-- --------------------------------------------------------

--
-- Table structure for table `tbadmin`
--

CREATE TABLE IF NOT EXISTS `tbadmin` (
  `UserName` varchar(20) DEFAULT NULL,
  `Password` varchar(20) DEFAULT NULL,
  `adminPic` varchar(200) NOT NULL DEFAULT 'assets/template/img/custom/user.png',
  `adminType` varchar(20) NOT NULL DEFAULT 'admin',
  `status` varchar(10) DEFAULT 'active'
) ENGINE=InnoDB DEFAULT CHARSET=latin1;

--
-- Dumping data for table `tbadmin`
--

INSERT INTO `tbadmin` (`UserName`, `Password`, `adminPic`, `adminType`, `status`) VALUES
('CesOrogo', '0000', 'assets/template/img/custom/user.png', 'super', 'active'),
('notSuper', 'pass123', 'assets/template/img/custom/user.png', 'admin', 'active'),
('sylviaMe', '1111', 'assets/template/img/custom/user.png', 'admin', 'active');

-- --------------------------------------------------------

--
-- Table structure for table `tbenrolled`
--

CREATE TABLE IF NOT EXISTS `tbenrolled` (
  `LRN_number` varchar(20) DEFAULT NULL,
  `Section_Code` varchar(20) DEFAULT NULL,
  `Status` varchar(20) DEFAULT NULL
) ENGINE=InnoDB DEFAULT CHARSET=utf8;

--
-- Dumping data for table `tbenrolled`
--

INSERT INTO `tbenrolled` (`LRN_number`, `Section_Code`, `Status`) VALUES
('302264110012', 'GAS-1', 'Enrolled'),
('114500050017', 'GAS-1', 'Enrolled'),
('302264120241', 'GAS-1', 'Enrolled'),
('112775050001', 'ABM-3', 'Enrolled'),
('114497050007', 'ABM-3', 'Enrolled'),
('302264130684', 'ABM-3', 'Enrolled'),
('114509050005', 'ABM-3', 'Enrolled'),
('112640050001', 'ABM-3', 'Enrolled'),
('302264130893', 'ABM-3', 'Enrolled'),
('112770050011', 'ABM-3', 'Enrolled'),
('113146050014', 'ABM-3', 'Enrolled'),
('114511050015', 'ABM-3', 'Enrolled'),
('450300210166', 'PROG-A', 'Enrolled'),
('959757664821', 'PROG-A', 'Enrolled'),
('957084624014', 'PROG-A', 'Enrolled'),
('530099371151', 'PROG-A', 'Enrolled'),
('140495307984', 'SPORTS', 'Enrolled'),
('398588841724', 'SPORTS', 'Enrolled');

-- --------------------------------------------------------

--
-- Stand-in structure for view `tbenrolled_query`
--
CREATE TABLE IF NOT EXISTS `tbenrolled_query` (
`Section_Code` varchar(20)
,`LRN_number` varchar(20)
,`Status` varchar(20)
,`First_Name` varchar(25)
,`Initial` varchar(25)
,`Gender` varchar(25)
,`Last_Name` varchar(25)
);
-- --------------------------------------------------------

--
-- Table structure for table `tbinfo`
--

CREATE TABLE IF NOT EXISTS `tbinfo` (
  `Semestral_code` varchar(25) DEFAULT NULL,
  `Status` varchar(25) DEFAULT NULL
) ENGINE=InnoDB DEFAULT CHARSET=latin1;

--
-- Dumping data for table `tbinfo`
--

INSERT INTO `tbinfo` (`Semestral_code`, `Status`) VALUES
('2016-2017-02', 'OLD'),
('2017-2018-01', 'CURRENT');

-- --------------------------------------------------------

--
-- Table structure for table `tbsection`
--

CREATE TABLE IF NOT EXISTS `tbsection` (
  `Section_code` varchar(20) DEFAULT NULL,
  `Track` varchar(50) DEFAULT NULL,
  `Strand` varchar(50) NOT NULL DEFAULT 'N/A',
  `Adviser` varchar(20) DEFAULT NULL,
  `Room_Number` varchar(20) DEFAULT NULL,
  `Shift_Sched` varchar(20) DEFAULT NULL,
  `HS_Type` varchar(20) DEFAULT NULL,
  `Grade_level` varchar(20) DEFAULT NULL
) ENGINE=InnoDB DEFAULT CHARSET=utf8;

--
-- Dumping data for table `tbsection`
--

INSERT INTO `tbsection` (`Section_code`, `Track`, `Strand`, `Adviser`, `Room_Number`, `Shift_Sched`, `HS_Type`, `Grade_level`) VALUES
('ABM-4', 'Academic', 'ABM', 'TH-043', '96', 'SECOND', 'Senior High School', 'Grade 11'),
('SPORTS', 'Sports', 'None', 'TH-003', '1', 'FIRST', 'Senior High School', 'Grade 8'),
('ABM-5', 'Academic', 'ABM', 'TH-003', '20', 'FIRST', 'Senior High School', 'Grade 11'),
('HUMMS-1', 'Academic', 'HUMMS', 'TH-032', '11', 'FIRST', 'Senior High School', 'Grade 11'),
('GAS-1', 'Academic', 'ABM', 'TH-019', '200', 'SECOND', 'Senior High School', 'Grade 11'),
('ABM-3', 'Academic', 'ABM', 'TH-003', '20', 'SECOND', 'Senior High School', 'Grade 11');

-- --------------------------------------------------------

--
-- Stand-in structure for view `tbsection_query`
--
CREATE TABLE IF NOT EXISTS `tbsection_query` (
`Adviser` varchar(20)
,`Section_code` varchar(20)
,`Track` varchar(50)
,`Strand` varchar(50)
,`Room_Number` varchar(20)
,`Shift_Sched` varchar(20)
,`HS_Type` varchar(20)
,`Grade_level` varchar(20)
,`Teacher_First_Name` varchar(20)
,`Teacher_Last_Name` varchar(20)
,`Teacher_MiddleInitial` varchar(20)
);
-- --------------------------------------------------------

--
-- Table structure for table `tbsetting`
--

CREATE TABLE IF NOT EXISTS `tbsetting` (
  `id` int(11) NOT NULL AUTO_INCREMENT,
  `schoolImg` varchar(200) DEFAULT NULL,
  PRIMARY KEY (`id`)
) ENGINE=InnoDB  DEFAULT CHARSET=latin1 AUTO_INCREMENT=2 ;

--
-- Dumping data for table `tbsetting`
--

INSERT INTO `tbsetting` (`id`, `schoolImg`) VALUES
(1, 'assets/img/login/camhigh.png');

-- --------------------------------------------------------

--
-- Table structure for table `tbsignatory`
--

CREATE TABLE IF NOT EXISTS `tbsignatory` (
  `Signatory_code` varchar(25) DEFAULT NULL,
  `Signatory_description` varchar(100) DEFAULT NULL
) ENGINE=InnoDB DEFAULT CHARSET=latin1;

--
-- Dumping data for table `tbsignatory`
--

INSERT INTO `tbsignatory` (`Signatory_code`, `Signatory_description`) VALUES
('LIB', 'Library'),
('PTA', 'Parent Teacher Association'),
('GUI', 'Guidance Office'),
('ADVISER', 'Adviser'),
('SSG', 'SSG');

-- --------------------------------------------------------

--
-- Table structure for table `tbstudent`
--

CREATE TABLE IF NOT EXISTS `tbstudent` (
  `LRN_Number` varchar(20) DEFAULT NULL,
  `First_Name` varchar(25) DEFAULT NULL,
  `Last_Name` varchar(25) DEFAULT NULL,
  `Initial` varchar(25) DEFAULT '-',
  `Gender` varchar(25) DEFAULT NULL,
  `Password` varchar(20) DEFAULT NULL,
  `Username` varchar(45) DEFAULT NULL
) ENGINE=InnoDB DEFAULT CHARSET=utf8;

--
-- Dumping data for table `tbstudent`
--

INSERT INTO `tbstudent` (`LRN_Number`, `First_Name`, `Last_Name`, `Initial`, `Gender`, `Password`, `Username`) VALUES
('114500050003', 'Marcial', 'Abasola', '-', 'Male', '0003', 'marcial_abasola'),
('112498050005', 'Antonio', 'Abias', '-', 'Male', '0005', 'antonio_abias'),
('114500050061', 'Geraldine', 'Bañadera', '-', 'Female', '', NULL),
('112774050008', 'Anne Kimberly', 'Barnedo', '-', 'Female', '', NULL),
('114497050033', 'Patricia May', 'Bernal', '-', 'Female', '', NULL),
('302264140217', 'Emmanuel', 'Blasa', '-', 'Male', '', NULL),
('112812050011', 'Lyka', 'Casilao', '-', 'Female', '', NULL),
('302264140002', 'Hermenigildo', 'De Villa Jr', '-', 'Male', '', NULL),
('112503050003', 'Liezel', 'Abarientos', 'q', 'Female', '0003', 'liezel_abarientos'),
('114500050002', 'Julie Anne', 'Abasola', '-', 'Female', '0002', 'julie_anne_abasola'),
('112498050029', 'Honesto Antonio', 'Alpe', '-', 'Male', '', NULL),
('302264110012', 'John Paolo', 'Abasola', '-', 'Male', '0012', 'john_paolo_abasola'),
('114500050017', 'Hanna Mae', 'Aguillon', '-', 'Female', '', NULL),
('302264120241', 'Marvin', 'Alendres', '-', 'Male', 'marvin_alendres', 'marvin_alendres'),
('109327050062', 'Clarissa', 'Ancheta', '-', 'Female', 'clarissa_ancheta', 'clarissa_ancheta'),
('112758050006', 'Dyna', 'Arcangel', '-', 'Female', '', NULL),
('114500050042', 'Maria Angelica', 'Arriola', '-', 'Female', '', NULL),
('302264130725', 'Joanna Christine', 'Acuido', '-', 'Female', '0725', 'joanna_christine_acuido'),
('114500050022', 'Bien Carlo11', 'Alarcon', '-', 'Male', '', NULL),
('113928050004', 'Roland', 'Alavera', '-', 'Male', 'roland_alavera', 'roland_alavera'),
('176505050004', 'Kristofer', 'Alcantara', '-', 'Male', 'kristofer_alcantara', 'kristofer_alcantara'),
('112498050023', 'Rose Ann', 'Alimuin', '-', 'Female', '', NULL),
('114518050021', 'Geneve', 'Alpapara', '-', 'Female', '', NULL),
('112134050071', 'John Albert', 'Ambrosio', '-', 'Male', '', NULL),
('302264130885', 'Neil John', 'Decena', '-', 'Male', '', NULL),
('114514050027', 'Paul Romeo', 'Despuig', '-', 'Male', '', NULL),
('114500050171', 'Lolibeth', 'Domer', '-', 'Female', '', NULL),
('114500050172', 'Rector', 'Domer', '-', 'Male', '', NULL),
('112761050026', 'Xyrille Faith', 'Enguero', '-', 'Female', '', NULL),
('114500050196', 'Brandon', 'Favorito', '-', 'Male', '', NULL),
('302264130381', 'John Laurence', 'Hangad', '-', 'Male', '', NULL),
('114508050083', 'Maica', 'Imperial', '-', 'Female', '', NULL),
('105120050125', 'Gleos Mae', 'Leong', '-', 'Female', '', NULL),
('114500050256', 'Sharlaine Marie', 'Lumitao', '-', 'Female', '', NULL),
('114519050027', 'Ariel', 'Malate', '-', 'Male', '', NULL),
('114518050159', 'Kelly Chen', 'Martillana', '-', 'Female', '', NULL),
('114501050207', 'Ma Theresa', 'Masapol', '-', 'Female', '', NULL),
('114497050110', 'Eduardo', 'Nellasca', '-', 'Male', '', NULL),
('302264120287', 'Jeremiah', 'Pangga', '-', 'Male', '', NULL),
('302264120272', 'Ma Christina', 'Pante', '-', 'Female', '', NULL),
('114497050134', 'Darwin', 'Perez', '-', 'Male', '', NULL),
('114501050256', 'Melvin', 'Perez', '-', 'Male', '', NULL),
('114505050149', 'Kasydren', 'Punzalan', '-', 'Female', '', NULL),
('112798050091', 'Keen Dominic', 'Quilpio', '-', 'Male', '', NULL),
('112871050003', 'Ma Jonahlie', 'Abias', '-', 'Female', '0003', 'ma_Jonahlie_abias'),
('114499050003', 'Chester', 'Alcantara', '-', 'Male', '', NULL),
('112789050005', 'Fernand James', 'Alegre', '-', 'Male', '', NULL),
('114500050043', 'Venize Andrea', 'Asis', '-', 'Female', '', NULL),
('112936050009', 'Ian Maurice', 'Baguyo', '-', 'Male', '', NULL),
('114500050070', 'John Rey', 'Basbas', '-', 'Male', '', NULL),
('114500050117', 'Jerome', 'Calderon', '-', 'Male', '', NULL),
('112451050022', 'Mariel', 'Cedan', '-', 'Female', '', NULL),
('114501050110', 'Lea Mae', 'Cielo', '-', 'Female', '', NULL),
('302264130303', 'Timothy', 'Dayon', '-', 'Male', '', NULL),
('114501050131', 'Dave Lorenz', 'Delos Santos', '-', 'Male', '', NULL),
('112787050018', 'Kate Cyra', 'Delos Santos', '-', 'Female', '', NULL),
('114501050133', 'Angeline Kris', 'Diaz', '-', 'Female', '', NULL),
('114211050024', 'April', 'Encinares', '-', 'Female', '', NULL),
('114501050142', 'John Elwin', 'Esmeralda', '-', 'Male', '', NULL),
('114500050192', 'Bernard Louie', 'Estioco', '-', 'Male', '', NULL),
('114517050080', 'Dianne Mae', 'Fabiano', '-', 'Female', '', NULL),
('114512050019', 'Beatrix Faye', 'Franco', '-', 'Female', '', NULL),
('114504050061', 'Bryan', 'Indicio', '-', 'Male', '', NULL),
('302264130264', 'Jerick', 'Jimenez', '-', 'Male', '', NULL),
('302264120023', 'Jelline Mae', 'Lipiao', '-', 'Female', '', NULL),
('302264120274', 'Christine Joy', 'Mallo', '-', 'Female', '', NULL),
('114500050274', 'Jon Ariel', 'Maravilla', '-', 'Male', '', NULL),
('114500050295', 'Nathaniel', 'Muñoz', '-', 'Male', '', NULL),
('113044050034', 'Daniel', 'Ogmer', '-', 'Male', '', NULL),
('112506050131', 'Beverly', 'Pastrana', '-', 'Female', '', NULL),
('114517050134', 'Joemarie', 'Paycana', '-', 'Male', '', NULL),
('112847050030', 'Reysan', 'Peteza', '-', 'Male', '', NULL),
('114500050374', 'Francis David', 'Regalado', '-', 'Male', '', NULL),
('112760050032', 'Joelyphine', 'Reyes', '-', 'Female', '', NULL),
('600060150283', 'Helen Antonette', 'Rustia', '-', 'Female', '', NULL),
('302264120277', 'Kierzhan Ric', 'Saavedra', '-', 'Male', '', NULL),
('114505050164', 'Mary France', 'Salamia', '-', 'Female', '', NULL),
('114500050400', 'James', 'San Buenaventura', '-', 'Male', '', NULL),
('114501050308', 'Marlo Franco', 'Sarefe', '-', 'Male', '', NULL),
('113915050071', 'Raymond', 'Sinagpulo', '-', 'Male', '', NULL),
('112538050053', 'Nicole', 'Snaer', '-', 'Female', '', NULL),
('112498050184', 'Princess Xena', 'Sta Rosa', '-', 'Female', '', NULL),
('114500050432', 'Kaisser Joseph', 'Talan', '-', 'Male', '', NULL),
('114511120048', 'Danielle Michi', 'Tanay', '-', 'Female', '', NULL),
('301466120459', 'Jovelyn', 'Ababa', '-', 'Female', '0459', 'jovelyn_ababa'),
('114508050010', 'Joshua', 'Aguila', '-', 'Male', '0010', 'joshua_aguila'),
('114501050022', 'Jeffrey', 'Alcantara', '-', 'Male', '', NULL),
('114507050009', 'Mary Joy', 'Alejandre', '-', 'Female', '', NULL),
('114502050002', 'Adrian', 'Alto', '-', 'Male', 'adrian_alto', 'adrian_alto'),
('114502050005', 'Erica', 'Arines', '-', 'Female', '', NULL),
('114501050058', 'Edel Rose', 'Bandola', '-', 'Female', '', NULL),
('302264110381', 'Mark Joven', 'Bernal', '-', 'Male', '', NULL),
('114500050114', 'Renz Arden', 'Cabaylo', '-', 'Male', '', NULL),
('302264130315', 'Neil', 'Cantorne', '-', 'Male', '', NULL),
('114500050121', 'Joshua', 'Capalos', '-', 'Male', '', NULL),
('114505050052', 'Jason', 'Capardo', '-', 'Male', '', NULL),
('112758050032', 'Francis', 'Carascal', '-', 'Male', '', NULL),
('114500050125', 'Alex Louie', 'Casilac', '-', 'Male', '', NULL),
('112786050015', 'Marichu', 'Cayabyab', '-', 'Female', '', NULL),
('302264120300', 'John Karlo', 'Datus', '-', 'Male', '', NULL),
('114518050092', 'Enrico', 'David', '-', 'Male', '', NULL),
('114500050156', 'Xeena Mae', 'De Jesus', '-', 'Female', '', NULL),
('114512050014', 'Norlinda', 'De Mesa', '-', 'Female', '', NULL),
('114500050204', 'Jayson', 'Futolan', '-', 'Male', '', NULL),
('302264120147', 'Shiela Marie', 'Gaspar', '-', 'Female', '', NULL),
('112797050022', 'Alexis', 'Jornala', '-', 'Female', '', NULL),
('114500050236', 'Rayne Jullianne', 'Lagrimas', '-', 'Female', '', NULL),
('301975140097', 'John Eddieson', 'Lim', '-', 'Male', '', NULL),
('112498050115', 'Anna Liza', 'Lopez', '-', 'Female', '', NULL),
('302264120273', 'Regine', 'Mortega', '-', 'Female', '', NULL),
('114502050054', 'Genina', 'Napili', '-', 'Female', '', NULL),
('302264130559', 'Jonhalven', 'Nazareno', '-', 'Male', '', NULL),
('114501050230', 'John Karl', 'Notario', '-', 'Male', '', NULL),
('112506050121', 'Claire Anne', 'Ondesimo', '-', 'Female', '', NULL),
('114511050086', 'Mark Anthony', 'Opeña', '-', 'Male', '', NULL),
('111636050027', 'Eleazar', 'Osia', '-', 'Male', '', NULL),
('112937050059', 'Andrew Meynard', 'Pablo', '-', 'Male', '', NULL),
('114501050241', 'John Benedick', 'Padua', '-', 'Male', '', NULL),
('114514050062', 'James', 'Paz', '-', 'Male', '', NULL),
('114515050096', 'Mark Joseph', 'Ragas', '-', 'Male', '', NULL),
('302264120337', 'Jay-ar', 'Ranido', '-', 'Male', '', NULL),
('112500050047', 'Joshua', 'Sales', '-', 'Male', '', NULL),
('302264130110', 'John Carlo', 'Villarez', 'B', 'Male', '0110', 'john_carlo_villarez'),
('112775050001', 'Loriedel', 'Ables', '-', 'Female', '0001', 'loriedel_ables'),
('112779050005', 'John Mark', 'Aguirre', '-', 'Male', '', NULL),
('114497050007', 'Alvin', 'Albeus', '-', 'Male', 'alvin_albeus', 'alvin_albeus'),
('302264130684', 'Auracel Marie', 'Alido', '-', 'Female', '', NULL),
('114509050005', 'Joan', 'Alipante', '-', 'Female', '', NULL),
('112640050001', 'Jane', 'Almonte', '-', 'Female', '', NULL),
('302264130893', 'Maria Teresa Angela', 'Araneta', '-', 'Female', '', NULL),
('112770050011', 'April Mae', 'Aspe', '-', 'Female', '', NULL),
('113146050014', 'Joanne', 'Barrogo', '-', 'Female', '', NULL),
('114511050015', 'Ronela', 'Bas', '-', 'Female', '', NULL),
('302264120138', 'Marjorie', 'Bonaagua', '-', 'Female', '', NULL),
('450300210166', 'Richelieu', 'magsaca', '-', 'Female', '0166', 'richelieu_magsaca'),
('959757664821', 'sylvian', 'marquez', 'y', 'Female', '4821', 'sylvian_marquez'),
('957084624014', 'samirrah faye', 'martillan', 'DM', 'Female', '4014', 'samirrah_faye_martillan'),
('530099371151', 'sylvia', 'bardinas', 'm', 'Female', '1151', 'sylvia_bardinas'),
('593008623033', 'orly', 'amisola', 'b', 'Male', '3033', 'orly_amisola'),
('488144224037', 'ian', 'atole', 'm', 'Male', '4037', 'ian_atole'),
('140495307984', 'emabel', 'margate', 'f', 'Female', '7984', 'emabel_margate'),
('398588841724', 'christian', 'ebe', 'e', 'Male', '1724', 'christian_ebe');

-- --------------------------------------------------------

--
-- Table structure for table `tbstudent_subject`
--

CREATE TABLE IF NOT EXISTS `tbstudent_subject` (
  `Section_Code` varchar(25) DEFAULT NULL,
  `LRN_Number` varchar(25) DEFAULT NULL,
  `Subject_Signatory_Code` varchar(25) DEFAULT NULL,
  `Status` varchar(20) DEFAULT 'INC',
  `Category` varchar(20) DEFAULT NULL
) ENGINE=InnoDB DEFAULT CHARSET=latin1;

--
-- Dumping data for table `tbstudent_subject`
--

INSERT INTO `tbstudent_subject` (`Section_Code`, `LRN_Number`, `Subject_Signatory_Code`, `Status`, `Category`) VALUES
('TVL-C3-1', '114500050061', 'PHIL-ART', 'INC', 'SUBJECT'),
('TVL-C3-1', '114500050061', 'ICT', 'DRP', 'SUBJECT'),
('TVL-C3-1', '114500050061', 'ENTREP', 'DRP', 'SUBJECT'),
('TVL-C3-1', '114500050061', 'PE', 'DRP', 'SUBJECT'),
('TVL-C3-1', '114500050061', 'SCIENCE-02', 'DRP', 'SUBJECT'),
('TVL-C3-1', '114500050061', 'PROG', 'DRP', 'SUBJECT'),
('TVL-C3-1', '114500050061', 'REWR', 'INC', 'SUBJECT'),
('TVL-C3-1', '114500050061', 'STAT', 'DRP', 'SUBJECT'),
('TVL-C3-1', '114500050061', 'GUI', 'INC', 'OTHER'),
('TVL-C3-1', '114500050061', 'LIB', 'INC', 'OTHER'),
('TVL-C3-1', '114500050061', 'PTA', 'INC', 'OTHER'),
('TVL-C3-1', '112774050008', 'PHIL-ART', 'INC', 'SUBJECT'),
('TVL-C3-1', '112774050008', 'ICT', 'DRP', 'SUBJECT'),
('TVL-C3-1', '112774050008', 'ENTREP', 'DRP', 'SUBJECT'),
('TVL-C3-1', '112774050008', 'PE', 'DRP', 'SUBJECT'),
('TVL-C3-1', '112774050008', 'SCIENCE-02', 'DRP', 'SUBJECT'),
('TVL-C3-1', '112774050008', 'PROG', 'DRP', 'SUBJECT'),
('TVL-C3-1', '112774050008', 'REWR', 'INC', 'SUBJECT'),
('TVL-C3-1', '112774050008', 'STAT', 'DRP', 'SUBJECT'),
('TVL-C3-1', '112774050008', 'GUI', 'INC', 'OTHER'),
('TVL-C3-1', '112774050008', 'LIB', 'INC', 'OTHER'),
('TVL-C3-1', '112774050008', 'PTA', 'INC', 'OTHER'),
('TVL-C3-1', '114497050033', 'PHIL-ART', 'INC', 'SUBJECT'),
('TVL-C3-1', '114497050033', 'ICT', 'DRP', 'SUBJECT'),
('TVL-C3-1', '114497050033', 'ENTREP', 'DRP', 'SUBJECT'),
('TVL-C3-1', '114497050033', 'PE', 'DRP', 'SUBJECT'),
('TVL-C3-1', '114497050033', 'SCIENCE-02', 'DRP', 'SUBJECT'),
('TVL-C3-1', '114497050033', 'PROG', 'DRP', 'SUBJECT'),
('TVL-C3-1', '114497050033', 'REWR', 'INC', 'SUBJECT'),
('TVL-C3-1', '114497050033', 'STAT', 'DRP', 'SUBJECT'),
('TVL-C3-1', '114497050033', 'GUI', 'INC', 'OTHER'),
('TVL-C3-1', '114497050033', 'LIB', 'INC', 'OTHER'),
('TVL-C3-1', '114497050033', 'PTA', 'INC', 'OTHER'),
('TVL-C3-3', '114500050002', 'PHIL-ART', 'INC', 'SUBJECT'),
('TVL-C3-3', '114500050002', 'ICT', 'DRP', 'SUBJECT'),
('TVL-C3-3', '114500050002', 'ENTREP', 'DRP', 'SUBJECT'),
('TVL-C3-3', '114500050002', 'PE', 'DRP', 'SUBJECT'),
('TVL-C3-3', '114500050002', 'SCIENCE-02', 'DRP', 'SUBJECT'),
('TVL-C3-3', '114500050002', 'PROG', 'DRP', 'SUBJECT'),
('TVL-C3-3', '114500050002', 'REWR', 'DRP', 'SUBJECT'),
('TVL-C3-3', '114500050002', 'STAT', 'DRP', 'SUBJECT'),
('TVL-C3-3', '114500050002', 'GUI', 'INC', 'OTHER'),
('TVL-C3-3', '114500050002', 'LIB', 'INC', 'OTHER'),
('TVL-C3-3', '114500050002', 'PTA', 'INC', 'OTHER'),
('TVL-C3-3', '112498050029', 'PHIL-ART', 'INC', 'SUBJECT'),
('TVL-C3-3', '112498050029', 'ICT', 'DRP', 'SUBJECT'),
('TVL-C3-3', '112498050029', 'ENTREP', 'DRP', 'SUBJECT'),
('TVL-C3-3', '112498050029', 'PE', 'DRP', 'SUBJECT'),
('TVL-C3-3', '112498050029', 'SCIENCE-02', 'DRP', 'SUBJECT'),
('TVL-C3-3', '112498050029', 'PROG', 'DRP', 'SUBJECT'),
('TVL-C3-3', '112498050029', 'REWR', 'DRP', 'SUBJECT'),
('TVL-C3-3', '112498050029', 'STAT', 'DRP', 'SUBJECT'),
('TVL-C3-3', '112498050029', 'GUI', 'INC', 'OTHER'),
('TVL-C3-3', '112498050029', 'LIB', 'INC', 'OTHER'),
('TVL-C3-3', '112498050029', 'PTA', 'INC', 'OTHER'),
('TVL-C3-1', '302264140217', 'PHIL-ART', 'INC', 'SUBJECT'),
('TVL-C3-1', '302264140217', 'ICT', 'DRP', 'SUBJECT'),
('TVL-C3-1', '302264140217', 'ENTREP', 'DRP', 'SUBJECT'),
('TVL-C3-1', '302264140217', 'PE', 'DRP', 'SUBJECT'),
('TVL-C3-1', '302264140217', 'SCIENCE-02', 'DRP', 'SUBJECT'),
('TVL-C3-1', '302264140217', 'PROG', 'DRP', 'SUBJECT'),
('TVL-C3-1', '302264140217', 'REWR', 'INC', 'SUBJECT'),
('TVL-C3-1', '302264140217', 'STAT', 'DRP', 'SUBJECT'),
('TVL-C3-1', '302264140217', 'GUI', 'INC', 'OTHER'),
('TVL-C3-1', '302264140217', 'LIB', 'INC', 'OTHER'),
('TVL-C3-1', '302264140217', 'PTA', 'INC', 'OTHER'),
('TVL-C3-1', '112812050011', 'PHIL-ART', 'INC', 'SUBJECT'),
('TVL-C3-1', '112812050011', 'ICT', 'DRP', 'SUBJECT'),
('TVL-C3-1', '112812050011', 'ENTREP', 'DRP', 'SUBJECT'),
('TVL-C3-1', '112812050011', 'PE', 'DRP', 'SUBJECT'),
('TVL-C3-1', '112812050011', 'SCIENCE-02', 'DRP', 'SUBJECT'),
('TVL-C3-1', '112812050011', 'PROG', 'DRP', 'SUBJECT'),
('TVL-C3-1', '112812050011', 'REWR', 'INC', 'SUBJECT'),
('TVL-C3-1', '112812050011', 'STAT', 'DRP', 'SUBJECT'),
('TVL-C3-1', '112812050011', 'GUI', 'INC', 'OTHER'),
('TVL-C3-1', '112812050011', 'LIB', 'INC', 'OTHER'),
('TVL-C3-1', '112812050011', 'PTA', 'INC', 'OTHER'),
('GAS-1', '302264110012', 'PHIL-ART', 'INC', 'SUBJECT'),
('GAS-1', '302264110012', 'MEDIA', '-', 'SUBJECT'),
('GAS-1', '302264110012', 'ORALCOM', '-', 'SUBJECT'),
('GAS-1', '302264110012', 'FIL-02', 'INC', 'SUBJECT'),
('GAS-1', '302264110012', 'PE', 'DRP', 'SUBJECT'),
('GAS-1', '302264110012', 'UCSP', 'INC', 'SUBJECT'),
('GAS-1', '302264110012', 'GUI', 'INC', 'OTHER'),
('GAS-1', '302264110012', 'LIB', 'INC', 'OTHER'),
('GAS-1', '302264110012', 'PTA', 'INC', 'OTHER'),
('GAS-1', '114500050017', 'PHIL-ART', 'INC', 'SUBJECT'),
('GAS-1', '114500050017', 'MEDIA', '-', 'SUBJECT'),
('GAS-1', '114500050017', 'ORALCOM', '-', 'SUBJECT'),
('GAS-1', '114500050017', 'FIL-02', 'OK', 'SUBJECT'),
('GAS-1', '114500050017', 'PE', 'DRP', 'SUBJECT'),
('GAS-1', '114500050017', 'UCSP', 'INC', 'SUBJECT'),
('GAS-1', '114500050017', 'GUI', 'INC', 'OTHER'),
('GAS-1', '114500050017', 'LIB', 'INC', 'OTHER'),
('GAS-1', '114500050017', 'PTA', 'INC', 'OTHER'),
('GAS-1', '302264120241', 'PHIL-ART', 'INC', 'SUBJECT'),
('GAS-1', '302264120241', 'MEDIA', '-', 'SUBJECT'),
('GAS-1', '302264120241', 'ORALCOM', '-', 'SUBJECT'),
('GAS-1', '302264120241', 'FIL-02', 'DRP', 'SUBJECT'),
('GAS-1', '302264120241', 'PE', 'DRP', 'SUBJECT'),
('GAS-1', '302264120241', 'UCSP', 'INC', 'SUBJECT'),
('GAS-1', '302264120241', 'GUI', 'INC', 'OTHER'),
('GAS-1', '302264120241', 'LIB', 'INC', 'OTHER'),
('GAS-1', '302264120241', 'PTA', 'INC', 'OTHER'),
('SAMPLE', '109327050062', 'ABM-1', 'DRP', 'SUBJECT'),
('SAMPLE', '109327050062', 'PHIL-ART', 'INC', 'SUBJECT'),
('SAMPLE', '109327050062', 'GUI', 'INC', 'OTHER'),
('SAMPLE', '109327050062', 'LIB', 'INC', 'OTHER'),
('SAMPLE', '109327050062', 'PTA', 'INC', 'OTHER'),
('SAMPLE', '114500050042', 'ABM-1', 'DRP', 'SUBJECT'),
('SAMPLE', '114500050042', 'PHIL-ART', 'INC', 'SUBJECT'),
('SAMPLE', '114500050042', 'GUI', 'INC', 'OTHER'),
('SAMPLE', '114500050042', 'LIB', 'INC', 'OTHER'),
('SAMPLE', '114500050042', 'PTA', 'INC', 'OTHER'),
('TVL-C3-1', '113928050004', 'PHIL-ART', 'INC', 'SUBJECT'),
('TVL-C3-1', '113928050004', 'ICT', 'DRP', 'SUBJECT'),
('TVL-C3-1', '113928050004', 'ENTREP', 'DRP', 'SUBJECT'),
('TVL-C3-1', '113928050004', 'PE', 'DRP', 'SUBJECT'),
('TVL-C3-1', '113928050004', 'SCIENCE-02', 'OK', 'SUBJECT'),
('TVL-C3-1', '113928050004', 'PROG', 'DRP', 'SUBJECT'),
('TVL-C3-1', '113928050004', 'REWR', 'INC', 'SUBJECT'),
('TVL-C3-1', '113928050004', 'STAT', 'DRP', 'SUBJECT'),
('TVL-C3-1', '113928050004', 'GUI', 'INC', 'OTHER'),
('TVL-C3-1', '113928050004', 'LIB', 'INC', 'OTHER'),
('TVL-C3-1', '113928050004', 'PTA', 'INC', 'OTHER'),
('TVL-C3-1', '176505050004', 'PHIL-ART', 'INC', 'SUBJECT'),
('TVL-C3-1', '176505050004', 'ICT', 'DRP', 'SUBJECT'),
('TVL-C3-1', '176505050004', 'ENTREP', 'DRP', 'SUBJECT'),
('TVL-C3-1', '176505050004', 'PE', 'DRP', 'SUBJECT'),
('TVL-C3-1', '176505050004', 'SCIENCE-02', 'INC', 'SUBJECT'),
('TVL-C3-1', '176505050004', 'PROG', 'DRP', 'SUBJECT'),
('TVL-C3-1', '176505050004', 'REWR', 'INC', 'SUBJECT'),
('TVL-C3-1', '176505050004', 'STAT', 'DRP', 'SUBJECT'),
('TVL-C3-1', '176505050004', 'GUI', 'INC', 'OTHER'),
('TVL-C3-1', '176505050004', 'LIB', 'INC', 'OTHER'),
('TVL-C3-1', '176505050004', 'PTA', 'INC', 'OTHER'),
('TVL-C3-1', '112498050023', 'PHIL-ART', 'INC', 'SUBJECT'),
('TVL-C3-1', '112498050023', 'ICT', 'DRP', 'SUBJECT'),
('TVL-C3-1', '112498050023', 'ENTREP', 'DRP', 'SUBJECT'),
('TVL-C3-1', '112498050023', 'PE', 'DRP', 'SUBJECT'),
('TVL-C3-1', '112498050023', 'SCIENCE-02', 'DRP', 'SUBJECT'),
('TVL-C3-1', '112498050023', 'PROG', 'DRP', 'SUBJECT'),
('TVL-C3-1', '112498050023', 'REWR', 'INC', 'SUBJECT'),
('TVL-C3-1', '112498050023', 'STAT', 'DRP', 'SUBJECT'),
('TVL-C3-1', '112498050023', 'GUI', 'INC', 'OTHER'),
('TVL-C3-1', '112498050023', 'LIB', 'INC', 'OTHER'),
('TVL-C3-1', '112498050023', 'PTA', 'INC', 'OTHER'),
('TVL-C3-1', '114518050021', 'PHIL-ART', 'INC', 'SUBJECT'),
('TVL-C3-1', '114518050021', 'ICT', 'DRP', 'SUBJECT'),
('TVL-C3-1', '114518050021', 'ENTREP', 'DRP', 'SUBJECT'),
('TVL-C3-1', '114518050021', 'PE', 'DRP', 'SUBJECT'),
('TVL-C3-1', '114518050021', 'SCIENCE-02', 'DRP', 'SUBJECT'),
('TVL-C3-1', '114518050021', 'PROG', 'DRP', 'SUBJECT'),
('TVL-C3-1', '114518050021', 'REWR', 'INC', 'SUBJECT'),
('TVL-C3-1', '114518050021', 'STAT', 'DRP', 'SUBJECT'),
('TVL-C3-1', '114518050021', 'GUI', 'INC', 'OTHER'),
('TVL-C3-1', '114518050021', 'LIB', 'INC', 'OTHER'),
('TVL-C3-1', '114518050021', 'PTA', 'INC', 'OTHER'),
('TVL-C3-1', '112134050071', 'PHIL-ART', 'INC', 'SUBJECT'),
('TVL-C3-1', '112134050071', 'ICT', 'DRP', 'SUBJECT'),
('TVL-C3-1', '112134050071', 'ENTREP', 'DRP', 'SUBJECT'),
('TVL-C3-1', '112134050071', 'PE', 'DRP', 'SUBJECT'),
('TVL-C3-1', '112134050071', 'SCIENCE-02', 'DRP', 'SUBJECT'),
('TVL-C3-1', '112134050071', 'PROG', 'DRP', 'SUBJECT'),
('TVL-C3-1', '112134050071', 'REWR', 'INC', 'SUBJECT'),
('TVL-C3-1', '112134050071', 'STAT', 'DRP', 'SUBJECT'),
('TVL-C3-1', '112134050071', 'GUI', 'INC', 'OTHER'),
('TVL-C3-1', '112134050071', 'LIB', 'INC', 'OTHER'),
('TVL-C3-1', '112134050071', 'PTA', 'INC', 'OTHER'),
('TVL-C3-1', '302264140002', 'PHIL-ART', 'INC', 'SUBJECT'),
('TVL-C3-1', '302264140002', 'ICT', 'DRP', 'SUBJECT'),
('TVL-C3-1', '302264140002', 'ENTREP', 'DRP', 'SUBJECT'),
('TVL-C3-1', '302264140002', 'PE', 'DRP', 'SUBJECT'),
('TVL-C3-1', '302264140002', 'SCIENCE-02', 'DRP', 'SUBJECT'),
('TVL-C3-1', '302264140002', 'PROG', 'DRP', 'SUBJECT'),
('TVL-C3-1', '302264140002', 'REWR', 'INC', 'SUBJECT'),
('TVL-C3-1', '302264140002', 'STAT', 'DRP', 'SUBJECT'),
('TVL-C3-1', '302264140002', 'GUI', 'INC', 'OTHER'),
('TVL-C3-1', '302264140002', 'LIB', 'INC', 'OTHER'),
('TVL-C3-1', '302264140002', 'PTA', 'INC', 'OTHER'),
('TVL-C3-1', '302264130885', 'PHIL-ART', 'INC', 'SUBJECT'),
('TVL-C3-1', '302264130885', 'ICT', 'DRP', 'SUBJECT'),
('TVL-C3-1', '302264130885', 'ENTREP', 'DRP', 'SUBJECT'),
('TVL-C3-1', '302264130885', 'PE', 'DRP', 'SUBJECT'),
('TVL-C3-1', '302264130885', 'SCIENCE-02', 'DRP', 'SUBJECT'),
('TVL-C3-1', '302264130885', 'PROG', 'DRP', 'SUBJECT'),
('TVL-C3-1', '302264130885', 'REWR', 'INC', 'SUBJECT'),
('TVL-C3-1', '302264130885', 'STAT', 'DRP', 'SUBJECT'),
('TVL-C3-1', '302264130885', 'GUI', 'INC', 'OTHER'),
('TVL-C3-1', '302264130885', 'LIB', 'INC', 'OTHER'),
('TVL-C3-1', '302264130885', 'PTA', 'INC', 'OTHER'),
('TVL-C3-1', '114514050027', 'PHIL-ART', 'INC', 'SUBJECT'),
('TVL-C3-1', '114514050027', 'ICT', 'DRP', 'SUBJECT'),
('TVL-C3-1', '114514050027', 'ENTREP', 'DRP', 'SUBJECT'),
('TVL-C3-1', '114514050027', 'PE', 'DRP', 'SUBJECT'),
('TVL-C3-1', '114514050027', 'SCIENCE-02', 'DRP', 'SUBJECT'),
('TVL-C3-1', '114514050027', 'PROG', 'DRP', 'SUBJECT'),
('TVL-C3-1', '114514050027', 'REWR', 'INC', 'SUBJECT'),
('TVL-C3-1', '114514050027', 'STAT', 'DRP', 'SUBJECT'),
('TVL-C3-1', '114514050027', 'GUI', 'INC', 'OTHER'),
('TVL-C3-1', '114514050027', 'LIB', 'INC', 'OTHER'),
('TVL-C3-1', '114514050027', 'PTA', 'INC', 'OTHER'),
('TVL-C3-1', '114500050171', 'PHIL-ART', 'INC', 'SUBJECT'),
('TVL-C3-1', '114500050171', 'ICT', 'DRP', 'SUBJECT'),
('TVL-C3-1', '114500050171', 'ENTREP', 'DRP', 'SUBJECT'),
('TVL-C3-1', '114500050171', 'PE', 'DRP', 'SUBJECT'),
('TVL-C3-1', '114500050171', 'SCIENCE-02', 'DRP', 'SUBJECT'),
('TVL-C3-1', '114500050171', 'PROG', 'DRP', 'SUBJECT'),
('TVL-C3-1', '114500050171', 'REWR', 'DRP', 'SUBJECT'),
('TVL-C3-1', '114500050171', 'STAT', 'DRP', 'SUBJECT'),
('TVL-C3-1', '114500050171', 'GUI', 'INC', 'OTHER'),
('TVL-C3-1', '114500050171', 'LIB', 'INC', 'OTHER'),
('TVL-C3-1', '114500050171', 'PTA', 'INC', 'OTHER'),
('TVL-C3-1', '114500050172', 'PHIL-ART', 'INC', 'SUBJECT'),
('TVL-C3-1', '114500050172', 'ICT', 'DRP', 'SUBJECT'),
('TVL-C3-1', '114500050172', 'ENTREP', 'DRP', 'SUBJECT'),
('TVL-C3-1', '114500050172', 'PE', 'DRP', 'SUBJECT'),
('TVL-C3-1', '114500050172', 'SCIENCE-02', 'DRP', 'SUBJECT'),
('TVL-C3-1', '114500050172', 'PROG', 'DRP', 'SUBJECT'),
('TVL-C3-1', '114500050172', 'REWR', 'DRP', 'SUBJECT'),
('TVL-C3-1', '114500050172', 'STAT', 'DRP', 'SUBJECT'),
('TVL-C3-1', '114500050172', 'GUI', 'INC', 'OTHER'),
('TVL-C3-1', '114500050172', 'LIB', 'INC', 'OTHER'),
('TVL-C3-1', '114500050172', 'PTA', 'INC', 'OTHER'),
('TVL-C3-1', '112761050026', 'PHIL-ART', 'INC', 'SUBJECT'),
('TVL-C3-1', '112761050026', 'ICT', 'DRP', 'SUBJECT'),
('TVL-C3-1', '112761050026', 'ENTREP', 'DRP', 'SUBJECT'),
('TVL-C3-1', '112761050026', 'PE', 'DRP', 'SUBJECT'),
('TVL-C3-1', '112761050026', 'SCIENCE-02', 'DRP', 'SUBJECT'),
('TVL-C3-1', '112761050026', 'PROG', 'DRP', 'SUBJECT'),
('TVL-C3-1', '112761050026', 'REWR', 'DRP', 'SUBJECT'),
('TVL-C3-1', '112761050026', 'STAT', 'DRP', 'SUBJECT'),
('TVL-C3-1', '112761050026', 'GUI', 'INC', 'OTHER'),
('TVL-C3-1', '112761050026', 'LIB', 'INC', 'OTHER'),
('TVL-C3-1', '112761050026', 'PTA', 'INC', 'OTHER'),
('TVL-C3-1', '114500050196', 'PHIL-ART', 'INC', 'SUBJECT'),
('TVL-C3-1', '114500050196', 'ICT', 'DRP', 'SUBJECT'),
('TVL-C3-1', '114500050196', 'ENTREP', 'DRP', 'SUBJECT'),
('TVL-C3-1', '114500050196', 'PE', 'DRP', 'SUBJECT'),
('TVL-C3-1', '114500050196', 'SCIENCE-02', 'DRP', 'SUBJECT'),
('TVL-C3-1', '114500050196', 'PROG', 'DRP', 'SUBJECT'),
('TVL-C3-1', '114500050196', 'REWR', 'DRP', 'SUBJECT'),
('TVL-C3-1', '114500050196', 'STAT', 'DRP', 'SUBJECT'),
('TVL-C3-1', '114500050196', 'GUI', 'INC', 'OTHER'),
('TVL-C3-1', '114500050196', 'LIB', 'INC', 'OTHER'),
('TVL-C3-1', '114500050196', 'PTA', 'INC', 'OTHER'),
('TVL-C3-1', '302264130381', 'PHIL-ART', 'INC', 'SUBJECT'),
('TVL-C3-1', '302264130381', 'ICT', 'DRP', 'SUBJECT'),
('TVL-C3-1', '302264130381', 'ENTREP', 'DRP', 'SUBJECT'),
('TVL-C3-1', '302264130381', 'PE', 'DRP', 'SUBJECT'),
('TVL-C3-1', '302264130381', 'SCIENCE-02', 'DRP', 'SUBJECT'),
('TVL-C3-1', '302264130381', 'PROG', 'DRP', 'SUBJECT'),
('TVL-C3-1', '302264130381', 'REWR', 'DRP', 'SUBJECT'),
('TVL-C3-1', '302264130381', 'STAT', 'DRP', 'SUBJECT'),
('TVL-C3-1', '302264130381', 'GUI', 'INC', 'OTHER'),
('TVL-C3-1', '302264130381', 'LIB', 'INC', 'OTHER'),
('TVL-C3-1', '302264130381', 'PTA', 'INC', 'OTHER'),
('TVL-C3-1', '114508050083', 'PHIL-ART', 'INC', 'SUBJECT'),
('TVL-C3-1', '114508050083', 'ICT', 'DRP', 'SUBJECT'),
('TVL-C3-1', '114508050083', 'ENTREP', 'DRP', 'SUBJECT'),
('TVL-C3-1', '114508050083', 'PE', 'DRP', 'SUBJECT'),
('TVL-C3-1', '114508050083', 'SCIENCE-02', 'DRP', 'SUBJECT'),
('TVL-C3-1', '114508050083', 'PROG', 'DRP', 'SUBJECT'),
('TVL-C3-1', '114508050083', 'REWR', 'DRP', 'SUBJECT'),
('TVL-C3-1', '114508050083', 'STAT', 'DRP', 'SUBJECT'),
('TVL-C3-1', '114508050083', 'GUI', 'INC', 'OTHER'),
('TVL-C3-1', '114508050083', 'LIB', 'INC', 'OTHER'),
('TVL-C3-1', '114508050083', 'PTA', 'INC', 'OTHER'),
('TVL-C3-1', '105120050125', 'PHIL-ART', 'INC', 'SUBJECT'),
('TVL-C3-1', '105120050125', 'ICT', 'DRP', 'SUBJECT'),
('TVL-C3-1', '105120050125', 'ENTREP', 'DRP', 'SUBJECT'),
('TVL-C3-1', '105120050125', 'PE', 'DRP', 'SUBJECT'),
('TVL-C3-1', '105120050125', 'SCIENCE-02', 'DRP', 'SUBJECT'),
('TVL-C3-1', '105120050125', 'PROG', 'DRP', 'SUBJECT'),
('TVL-C3-1', '105120050125', 'REWR', 'DRP', 'SUBJECT'),
('TVL-C3-1', '105120050125', 'STAT', 'DRP', 'SUBJECT'),
('TVL-C3-1', '105120050125', 'GUI', 'INC', 'OTHER'),
('TVL-C3-1', '105120050125', 'LIB', 'INC', 'OTHER'),
('TVL-C3-1', '105120050125', 'PTA', 'INC', 'OTHER'),
('TVL-C3-1', '114519050027', 'PHIL-ART', 'INC', 'SUBJECT'),
('TVL-C3-1', '114519050027', 'ICT', 'DRP', 'SUBJECT'),
('TVL-C3-1', '114519050027', 'ENTREP', 'DRP', 'SUBJECT'),
('TVL-C3-1', '114519050027', 'PE', 'DRP', 'SUBJECT'),
('TVL-C3-1', '114519050027', 'SCIENCE-02', 'DRP', 'SUBJECT'),
('TVL-C3-1', '114519050027', 'PROG', 'DRP', 'SUBJECT'),
('TVL-C3-1', '114519050027', 'REWR', 'DRP', 'SUBJECT'),
('TVL-C3-1', '114519050027', 'STAT', 'DRP', 'SUBJECT'),
('TVL-C3-1', '114519050027', 'GUI', 'INC', 'OTHER'),
('TVL-C3-1', '114519050027', 'LIB', 'INC', 'OTHER'),
('TVL-C3-1', '114519050027', 'PTA', 'INC', 'OTHER'),
('TVL-C3-1', '114518050159', 'PHIL-ART', 'INC', 'SUBJECT'),
('TVL-C3-1', '114518050159', 'ICT', 'DRP', 'SUBJECT'),
('TVL-C3-1', '114518050159', 'ENTREP', 'DRP', 'SUBJECT'),
('TVL-C3-1', '114518050159', 'PE', 'DRP', 'SUBJECT'),
('TVL-C3-1', '114518050159', 'SCIENCE-02', 'DRP', 'SUBJECT'),
('TVL-C3-1', '114518050159', 'PROG', 'DRP', 'SUBJECT'),
('TVL-C3-1', '114518050159', 'REWR', 'DRP', 'SUBJECT'),
('TVL-C3-1', '114518050159', 'STAT', 'DRP', 'SUBJECT'),
('TVL-C3-1', '114518050159', 'GUI', 'INC', 'OTHER'),
('TVL-C3-1', '114518050159', 'LIB', 'INC', 'OTHER'),
('TVL-C3-1', '114518050159', 'PTA', 'INC', 'OTHER'),
('TVL-C3-1', '114501050207', 'PHIL-ART', 'INC', 'SUBJECT'),
('TVL-C3-1', '114501050207', 'ICT', 'DRP', 'SUBJECT'),
('TVL-C3-1', '114501050207', 'ENTREP', 'DRP', 'SUBJECT'),
('TVL-C3-1', '114501050207', 'PE', 'DRP', 'SUBJECT'),
('TVL-C3-1', '114501050207', 'SCIENCE-02', 'DRP', 'SUBJECT'),
('TVL-C3-1', '114501050207', 'PROG', 'DRP', 'SUBJECT'),
('TVL-C3-1', '114501050207', 'REWR', 'DRP', 'SUBJECT'),
('TVL-C3-1', '114501050207', 'STAT', 'DRP', 'SUBJECT'),
('TVL-C3-1', '114501050207', 'GUI', 'INC', 'OTHER'),
('TVL-C3-1', '114501050207', 'LIB', 'INC', 'OTHER'),
('TVL-C3-1', '114501050207', 'PTA', 'INC', 'OTHER'),
('TVL-C3-1', '114497050110', 'PHIL-ART', 'INC', 'SUBJECT'),
('TVL-C3-1', '114497050110', 'ICT', 'DRP', 'SUBJECT'),
('TVL-C3-1', '114497050110', 'ENTREP', 'DRP', 'SUBJECT'),
('TVL-C3-1', '114497050110', 'PE', 'DRP', 'SUBJECT'),
('TVL-C3-1', '114497050110', 'SCIENCE-02', 'DRP', 'SUBJECT'),
('TVL-C3-1', '114497050110', 'PROG', 'DRP', 'SUBJECT'),
('TVL-C3-1', '114497050110', 'REWR', 'DRP', 'SUBJECT'),
('TVL-C3-1', '114497050110', 'STAT', 'DRP', 'SUBJECT'),
('TVL-C3-1', '114497050110', 'GUI', 'INC', 'OTHER'),
('TVL-C3-1', '114497050110', 'LIB', 'INC', 'OTHER'),
('TVL-C3-1', '114497050110', 'PTA', 'INC', 'OTHER'),
('TVL-C3-1', '302264120287', 'PHIL-ART', 'INC', 'SUBJECT'),
('TVL-C3-1', '302264120287', 'ICT', 'DRP', 'SUBJECT'),
('TVL-C3-1', '302264120287', 'ENTREP', 'DRP', 'SUBJECT'),
('TVL-C3-1', '302264120287', 'PE', 'DRP', 'SUBJECT'),
('TVL-C3-1', '302264120287', 'SCIENCE-02', 'DRP', 'SUBJECT'),
('TVL-C3-1', '302264120287', 'PROG', 'DRP', 'SUBJECT'),
('TVL-C3-1', '302264120287', 'REWR', 'DRP', 'SUBJECT'),
('TVL-C3-1', '302264120287', 'STAT', 'DRP', 'SUBJECT'),
('TVL-C3-1', '302264120287', 'GUI', 'INC', 'OTHER'),
('TVL-C3-1', '302264120287', 'LIB', 'INC', 'OTHER'),
('TVL-C3-1', '302264120287', 'PTA', 'INC', 'OTHER'),
('TVL-C3-1', '302264120272', 'PHIL-ART', 'INC', 'SUBJECT'),
('TVL-C3-1', '302264120272', 'ICT', 'DRP', 'SUBJECT'),
('TVL-C3-1', '302264120272', 'ENTREP', 'DRP', 'SUBJECT'),
('TVL-C3-1', '302264120272', 'PE', 'DRP', 'SUBJECT'),
('TVL-C3-1', '302264120272', 'SCIENCE-02', 'DRP', 'SUBJECT'),
('TVL-C3-1', '302264120272', 'PROG', 'DRP', 'SUBJECT'),
('TVL-C3-1', '302264120272', 'REWR', 'DRP', 'SUBJECT'),
('TVL-C3-1', '302264120272', 'STAT', 'DRP', 'SUBJECT'),
('TVL-C3-1', '302264120272', 'GUI', 'INC', 'OTHER'),
('TVL-C3-1', '302264120272', 'LIB', 'INC', 'OTHER'),
('TVL-C3-1', '302264120272', 'PTA', 'INC', 'OTHER'),
('TVL-C3-1', '114497050134', 'PHIL-ART', 'INC', 'SUBJECT'),
('TVL-C3-1', '114497050134', 'ICT', 'DRP', 'SUBJECT'),
('TVL-C3-1', '114497050134', 'ENTREP', 'DRP', 'SUBJECT'),
('TVL-C3-1', '114497050134', 'PE', 'DRP', 'SUBJECT'),
('TVL-C3-1', '114497050134', 'SCIENCE-02', 'DRP', 'SUBJECT'),
('TVL-C3-1', '114497050134', 'PROG', 'DRP', 'SUBJECT'),
('TVL-C3-1', '114497050134', 'REWR', 'DRP', 'SUBJECT'),
('TVL-C3-1', '114497050134', 'STAT', 'DRP', 'SUBJECT'),
('TVL-C3-1', '114497050134', 'GUI', 'INC', 'OTHER'),
('TVL-C3-1', '114497050134', 'LIB', 'INC', 'OTHER'),
('TVL-C3-1', '114497050134', 'PTA', 'INC', 'OTHER'),
('TVL-C3-1', '114501050256', 'PHIL-ART', 'INC', 'SUBJECT'),
('TVL-C3-1', '114501050256', 'ICT', 'DRP', 'SUBJECT'),
('TVL-C3-1', '114501050256', 'ENTREP', 'DRP', 'SUBJECT'),
('TVL-C3-1', '114501050256', 'PE', 'DRP', 'SUBJECT'),
('TVL-C3-1', '114501050256', 'SCIENCE-02', 'DRP', 'SUBJECT'),
('TVL-C3-1', '114501050256', 'PROG', 'DRP', 'SUBJECT'),
('TVL-C3-1', '114501050256', 'REWR', 'DRP', 'SUBJECT'),
('TVL-C3-1', '114501050256', 'STAT', 'DRP', 'SUBJECT'),
('TVL-C3-1', '114501050256', 'GUI', 'INC', 'OTHER'),
('TVL-C3-1', '114501050256', 'LIB', 'INC', 'OTHER'),
('TVL-C3-1', '114501050256', 'PTA', 'INC', 'OTHER'),
('TVL-C3-1', '114505050149', 'PHIL-ART', 'INC', 'SUBJECT'),
('TVL-C3-1', '114505050149', 'ICT', 'DRP', 'SUBJECT'),
('TVL-C3-1', '114505050149', 'ENTREP', 'DRP', 'SUBJECT'),
('TVL-C3-1', '114505050149', 'PE', 'DRP', 'SUBJECT'),
('TVL-C3-1', '114505050149', 'SCIENCE-02', 'DRP', 'SUBJECT'),
('TVL-C3-1', '114505050149', 'PROG', 'DRP', 'SUBJECT'),
('TVL-C3-1', '114505050149', 'REWR', 'DRP', 'SUBJECT'),
('TVL-C3-1', '114505050149', 'STAT', 'DRP', 'SUBJECT'),
('TVL-C3-1', '114505050149', 'GUI', 'INC', 'OTHER'),
('TVL-C3-1', '114505050149', 'LIB', 'INC', 'OTHER'),
('TVL-C3-1', '114505050149', 'PTA', 'INC', 'OTHER'),
('TVL-C3-1', '112798050091', 'PHIL-ART', 'INC', 'SUBJECT'),
('TVL-C3-1', '112798050091', 'ICT', 'DRP', 'SUBJECT'),
('TVL-C3-1', '112798050091', 'ENTREP', 'DRP', 'SUBJECT'),
('TVL-C3-1', '112798050091', 'PE', 'DRP', 'SUBJECT'),
('TVL-C3-1', '112798050091', 'SCIENCE-02', 'DRP', 'SUBJECT'),
('TVL-C3-1', '112798050091', 'PROG', 'DRP', 'SUBJECT'),
('TVL-C3-1', '112798050091', 'REWR', 'DRP', 'SUBJECT'),
('TVL-C3-1', '112798050091', 'STAT', 'DRP', 'SUBJECT'),
('TVL-C3-1', '112798050091', 'GUI', 'INC', 'OTHER'),
('TVL-C3-1', '112798050091', 'LIB', 'INC', 'OTHER'),
('TVL-C3-1', '112798050091', 'PTA', 'INC', 'OTHER'),
('SAMPLE', '112871050003', 'ABM-1', '-', 'SUBJECT'),
('SAMPLE', '112871050003', 'PHIL-ART', 'INC', 'SUBJECT'),
('SAMPLE', '112871050003', 'GUI', 'INC', 'OTHER'),
('SAMPLE', '112871050003', 'LIB', 'INC', 'OTHER'),
('SAMPLE', '112871050003', 'PTA', 'INC', 'OTHER'),
('SAMPLE', '114499050003', 'ABM-1', '-', 'SUBJECT'),
('SAMPLE', '114499050003', 'PHIL-ART', 'INC', 'SUBJECT'),
('SAMPLE', '114499050003', 'GUI', 'INC', 'OTHER'),
('SAMPLE', '114499050003', 'LIB', 'INC', 'OTHER'),
('SAMPLE', '114499050003', 'PTA', 'INC', 'OTHER'),
('SAMPLE', '112789050005', 'ABM-1', '-', 'SUBJECT'),
('SAMPLE', '112789050005', 'PHIL-ART', 'INC', 'SUBJECT'),
('SAMPLE', '112789050005', 'GUI', 'INC', 'OTHER'),
('SAMPLE', '112789050005', 'LIB', 'INC', 'OTHER'),
('SAMPLE', '112789050005', 'PTA', 'INC', 'OTHER'),
('SAMPLE', '109327050062', 'ENG-01', 'DRP', 'SUBJECT'),
('SAMPLE', '114500050042', 'ENG-01', '-', 'SUBJECT'),
('SAMPLE', '112871050003', 'ENG-01', '-', 'SUBJECT'),
('SAMPLE', '114499050003', 'ENG-01', '-', 'SUBJECT'),
('SAMPLE', '112789050005', 'ENG-01', '-', 'SUBJECT'),
('TVL-C3-3', '114500050374', 'PHIL-ART', 'INC', 'SUBJECT'),
('TVL-C3-3', '114500050374', 'ICT', 'DRP', 'SUBJECT'),
('TVL-C3-3', '114500050374', 'ENTREP', 'DRP', 'SUBJECT'),
('TVL-C3-3', '114500050374', 'PE', 'DRP', 'SUBJECT'),
('TVL-C3-3', '114500050374', 'SCIENCE-02', 'DRP', 'SUBJECT'),
('TVL-C3-3', '114500050374', 'PROG', 'DRP', 'SUBJECT'),
('TVL-C3-3', '114500050374', 'REWR', 'DRP', 'SUBJECT'),
('TVL-C3-3', '114500050374', 'STAT', 'DRP', 'SUBJECT'),
('TVL-C3-3', '114500050374', 'GUI', 'INC', 'OTHER'),
('TVL-C3-3', '114500050374', 'LIB', 'INC', 'OTHER'),
('TVL-C3-3', '114500050374', 'PTA', 'INC', 'OTHER'),
('TVL-C3-3', '114500050400', 'PHIL-ART', 'INC', 'SUBJECT'),
('TVL-C3-3', '114500050400', 'ICT', 'DRP', 'SUBJECT'),
('TVL-C3-3', '114500050400', 'ENTREP', 'DRP', 'SUBJECT'),
('TVL-C3-3', '114500050400', 'PE', 'DRP', 'SUBJECT'),
('TVL-C3-3', '114500050400', 'SCIENCE-02', 'DRP', 'SUBJECT'),
('TVL-C3-3', '114500050400', 'PROG', 'DRP', 'SUBJECT'),
('TVL-C3-3', '114500050400', 'REWR', 'DRP', 'SUBJECT'),
('TVL-C3-3', '114500050400', 'STAT', 'DRP', 'SUBJECT'),
('TVL-C3-3', '114500050400', 'GUI', 'INC', 'OTHER'),
('TVL-C3-3', '114500050400', 'LIB', 'INC', 'OTHER'),
('TVL-C3-3', '114500050400', 'PTA', 'INC', 'OTHER'),
('TVL-C3-3', '114501050308', 'PHIL-ART', 'INC', 'SUBJECT'),
('TVL-C3-3', '114501050308', 'ICT', 'DRP', 'SUBJECT'),
('TVL-C3-3', '114501050308', 'ENTREP', 'DRP', 'SUBJECT'),
('TVL-C3-3', '114501050308', 'PE', 'DRP', 'SUBJECT'),
('TVL-C3-3', '114501050308', 'SCIENCE-02', 'DRP', 'SUBJECT'),
('TVL-C3-3', '114501050308', 'PROG', 'DRP', 'SUBJECT'),
('TVL-C3-3', '114501050308', 'REWR', 'DRP', 'SUBJECT'),
('TVL-C3-3', '114501050308', 'STAT', 'DRP', 'SUBJECT'),
('TVL-C3-3', '114501050308', 'GUI', 'INC', 'OTHER'),
('TVL-C3-3', '114501050308', 'LIB', 'INC', 'OTHER'),
('TVL-C3-3', '114501050308', 'PTA', 'INC', 'OTHER'),
('TVL-C3-3', '113915050071', 'PHIL-ART', 'INC', 'SUBJECT'),
('TVL-C3-3', '113915050071', 'ICT', 'DRP', 'SUBJECT'),
('TVL-C3-3', '113915050071', 'ENTREP', 'DRP', 'SUBJECT'),
('TVL-C3-3', '113915050071', 'PE', 'DRP', 'SUBJECT'),
('TVL-C3-3', '113915050071', 'SCIENCE-02', 'DRP', 'SUBJECT'),
('TVL-C3-3', '113915050071', 'PROG', 'DRP', 'SUBJECT'),
('TVL-C3-3', '113915050071', 'REWR', 'DRP', 'SUBJECT'),
('TVL-C3-3', '113915050071', 'STAT', 'DRP', 'SUBJECT'),
('TVL-C3-3', '113915050071', 'GUI', 'INC', 'OTHER'),
('TVL-C3-3', '113915050071', 'LIB', 'INC', 'OTHER'),
('TVL-C3-3', '113915050071', 'PTA', 'INC', 'OTHER'),
('TVL-C3-3', '112538050053', 'PHIL-ART', 'INC', 'SUBJECT'),
('TVL-C3-3', '112538050053', 'ICT', 'DRP', 'SUBJECT'),
('TVL-C3-3', '112538050053', 'ENTREP', 'DRP', 'SUBJECT'),
('TVL-C3-3', '112538050053', 'PE', 'DRP', 'SUBJECT'),
('TVL-C3-3', '112538050053', 'SCIENCE-02', 'DRP', 'SUBJECT'),
('TVL-C3-3', '112538050053', 'PROG', 'DRP', 'SUBJECT'),
('TVL-C3-3', '112538050053', 'REWR', 'DRP', 'SUBJECT'),
('TVL-C3-3', '112538050053', 'STAT', 'DRP', 'SUBJECT'),
('TVL-C3-3', '112538050053', 'GUI', 'INC', 'OTHER'),
('TVL-C3-3', '112538050053', 'LIB', 'INC', 'OTHER'),
('TVL-C3-3', '112538050053', 'PTA', 'INC', 'OTHER'),
('TVL-C3-3', '112498050184', 'PHIL-ART', 'INC', 'SUBJECT'),
('TVL-C3-3', '112498050184', 'ICT', 'DRP', 'SUBJECT'),
('TVL-C3-3', '112498050184', 'ENTREP', 'DRP', 'SUBJECT'),
('TVL-C3-3', '112498050184', 'PE', 'DRP', 'SUBJECT'),
('TVL-C3-3', '112498050184', 'SCIENCE-02', 'DRP', 'SUBJECT'),
('TVL-C3-3', '112498050184', 'PROG', 'DRP', 'SUBJECT'),
('TVL-C3-3', '112498050184', 'REWR', 'DRP', 'SUBJECT'),
('TVL-C3-3', '112498050184', 'STAT', 'DRP', 'SUBJECT'),
('TVL-C3-3', '112498050184', 'GUI', 'INC', 'OTHER'),
('TVL-C3-3', '112498050184', 'LIB', 'INC', 'OTHER'),
('TVL-C3-3', '112498050184', 'PTA', 'INC', 'OTHER'),
('TVL-C3-3', '114500050432', 'PHIL-ART', 'INC', 'SUBJECT'),
('TVL-C3-3', '114500050432', 'ICT', 'DRP', 'SUBJECT'),
('TVL-C3-3', '114500050432', 'ENTREP', 'DRP', 'SUBJECT'),
('TVL-C3-3', '114500050432', 'PE', 'DRP', 'SUBJECT'),
('TVL-C3-3', '114500050432', 'SCIENCE-02', 'DRP', 'SUBJECT'),
('TVL-C3-3', '114500050432', 'PROG', 'DRP', 'SUBJECT'),
('TVL-C3-3', '114500050432', 'REWR', 'DRP', 'SUBJECT'),
('TVL-C3-3', '114500050432', 'STAT', 'DRP', 'SUBJECT'),
('TVL-C3-3', '114500050432', 'GUI', 'INC', 'OTHER'),
('TVL-C3-3', '114500050432', 'LIB', 'INC', 'OTHER'),
('TVL-C3-3', '114500050432', 'PTA', 'INC', 'OTHER'),
('TVL-C3-3', '114511120048', 'PHIL-ART', 'INC', 'SUBJECT'),
('TVL-C3-3', '114511120048', 'ICT', 'DRP', 'SUBJECT'),
('TVL-C3-3', '114511120048', 'ENTREP', 'DRP', 'SUBJECT'),
('TVL-C3-3', '114511120048', 'PE', 'DRP', 'SUBJECT'),
('TVL-C3-3', '114511120048', 'SCIENCE-02', 'DRP', 'SUBJECT'),
('TVL-C3-3', '114511120048', 'PROG', 'DRP', 'SUBJECT'),
('TVL-C3-3', '114511120048', 'REWR', 'DRP', 'SUBJECT'),
('TVL-C3-3', '114511120048', 'STAT', 'DRP', 'SUBJECT'),
('TVL-C3-3', '114511120048', 'GUI', 'INC', 'OTHER'),
('TVL-C3-3', '114511120048', 'LIB', 'INC', 'OTHER'),
('TVL-C3-3', '114511120048', 'PTA', 'INC', 'OTHER'),
('TVL-C3-3', '112506050131', 'PHIL-ART', 'INC', 'SUBJECT'),
('TVL-C3-3', '112506050131', 'ICT', 'DRP', 'SUBJECT'),
('TVL-C3-3', '112506050131', 'ENTREP', 'DRP', 'SUBJECT'),
('TVL-C3-3', '112506050131', 'PE', 'DRP', 'SUBJECT'),
('TVL-C3-3', '112506050131', 'SCIENCE-02', 'DRP', 'SUBJECT'),
('TVL-C3-3', '112506050131', 'PROG', 'DRP', 'SUBJECT'),
('TVL-C3-3', '112506050131', 'REWR', 'DRP', 'SUBJECT'),
('TVL-C3-3', '112506050131', 'STAT', 'DRP', 'SUBJECT'),
('TVL-C3-3', '112506050131', 'GUI', 'INC', 'OTHER'),
('TVL-C3-3', '112506050131', 'LIB', 'INC', 'OTHER'),
('TVL-C3-3', '112506050131', 'PTA', 'INC', 'OTHER'),
('TVL-C3-3', '114517050134', 'PHIL-ART', 'INC', 'SUBJECT'),
('TVL-C3-3', '114517050134', 'ICT', 'DRP', 'SUBJECT'),
('TVL-C3-3', '114517050134', 'ENTREP', 'DRP', 'SUBJECT'),
('TVL-C3-3', '114517050134', 'PE', 'DRP', 'SUBJECT'),
('TVL-C3-3', '114517050134', 'SCIENCE-02', 'DRP', 'SUBJECT'),
('TVL-C3-3', '114517050134', 'PROG', 'DRP', 'SUBJECT'),
('TVL-C3-3', '114517050134', 'REWR', 'DRP', 'SUBJECT'),
('TVL-C3-3', '114517050134', 'STAT', 'DRP', 'SUBJECT'),
('TVL-C3-3', '114517050134', 'GUI', 'INC', 'OTHER'),
('TVL-C3-3', '114517050134', 'LIB', 'INC', 'OTHER'),
('TVL-C3-3', '114517050134', 'PTA', 'INC', 'OTHER'),
('TVL-C3-3', '112847050030', 'PHIL-ART', 'INC', 'SUBJECT'),
('TVL-C3-3', '112847050030', 'ICT', 'DRP', 'SUBJECT'),
('TVL-C3-3', '112847050030', 'ENTREP', 'DRP', 'SUBJECT'),
('TVL-C3-3', '112847050030', 'PE', 'DRP', 'SUBJECT'),
('TVL-C3-3', '112847050030', 'SCIENCE-02', 'DRP', 'SUBJECT'),
('TVL-C3-3', '112847050030', 'PROG', 'DRP', 'SUBJECT'),
('TVL-C3-3', '112847050030', 'REWR', 'DRP', 'SUBJECT'),
('TVL-C3-3', '112847050030', 'STAT', 'DRP', 'SUBJECT'),
('TVL-C3-3', '112847050030', 'GUI', 'INC', 'OTHER'),
('TVL-C3-3', '112847050030', 'LIB', 'INC', 'OTHER'),
('TVL-C3-3', '112847050030', 'PTA', 'INC', 'OTHER'),
('TVL-C3-3', '600060150283', 'PHIL-ART', 'INC', 'SUBJECT'),
('TVL-C3-3', '600060150283', 'ICT', 'DRP', 'SUBJECT'),
('TVL-C3-3', '600060150283', 'ENTREP', 'DRP', 'SUBJECT'),
('TVL-C3-3', '600060150283', 'PE', 'DRP', 'SUBJECT'),
('TVL-C3-3', '600060150283', 'SCIENCE-02', 'DRP', 'SUBJECT'),
('TVL-C3-3', '600060150283', 'PROG', 'DRP', 'SUBJECT'),
('TVL-C3-3', '600060150283', 'REWR', 'DRP', 'SUBJECT'),
('TVL-C3-3', '600060150283', 'STAT', 'DRP', 'SUBJECT'),
('TVL-C3-3', '600060150283', 'GUI', 'INC', 'OTHER'),
('TVL-C3-3', '600060150283', 'LIB', 'INC', 'OTHER'),
('TVL-C3-3', '600060150283', 'PTA', 'INC', 'OTHER'),
('TVL-C3-3', '114500050070', 'PHIL-ART', 'INC', 'SUBJECT'),
('TVL-C3-3', '114500050070', 'ICT', 'DRP', 'SUBJECT'),
('TVL-C3-3', '114500050070', 'ENTREP', 'DRP', 'SUBJECT'),
('TVL-C3-3', '114500050070', 'PE', 'DRP', 'SUBJECT'),
('TVL-C3-3', '114500050070', 'SCIENCE-02', 'DRP', 'SUBJECT'),
('TVL-C3-3', '114500050070', 'PROG', 'DRP', 'SUBJECT'),
('TVL-C3-3', '114500050070', 'REWR', 'DRP', 'SUBJECT'),
('TVL-C3-3', '114500050070', 'STAT', 'DRP', 'SUBJECT'),
('TVL-C3-3', '114500050070', 'GUI', 'INC', 'OTHER'),
('TVL-C3-3', '114500050070', 'LIB', 'INC', 'OTHER'),
('TVL-C3-3', '114500050070', 'PTA', 'INC', 'OTHER'),
('TVL-C3-3', '302264120023', 'PHIL-ART', 'INC', 'SUBJECT'),
('TVL-C3-3', '302264120023', 'ICT', 'DRP', 'SUBJECT'),
('TVL-C3-3', '302264120023', 'ENTREP', 'DRP', 'SUBJECT'),
('TVL-C3-3', '302264120023', 'PE', 'DRP', 'SUBJECT'),
('TVL-C3-3', '302264120023', 'SCIENCE-02', 'DRP', 'SUBJECT'),
('TVL-C3-3', '302264120023', 'PROG', 'DRP', 'SUBJECT'),
('TVL-C3-3', '302264120023', 'REWR', 'DRP', 'SUBJECT'),
('TVL-C3-3', '302264120023', 'STAT', 'DRP', 'SUBJECT'),
('TVL-C3-3', '302264120023', 'GUI', 'INC', 'OTHER'),
('TVL-C3-3', '302264120023', 'LIB', 'INC', 'OTHER'),
('TVL-C3-3', '302264120023', 'PTA', 'INC', 'OTHER'),
('TVL-C3-3', '302264130264', 'PHIL-ART', 'INC', 'SUBJECT'),
('TVL-C3-3', '302264130264', 'ICT', 'DRP', 'SUBJECT'),
('TVL-C3-3', '302264130264', 'ENTREP', 'DRP', 'SUBJECT'),
('TVL-C3-3', '302264130264', 'PE', 'DRP', 'SUBJECT'),
('TVL-C3-3', '302264130264', 'SCIENCE-02', 'DRP', 'SUBJECT'),
('TVL-C3-3', '302264130264', 'PROG', 'DRP', 'SUBJECT'),
('TVL-C3-3', '302264130264', 'REWR', 'DRP', 'SUBJECT'),
('TVL-C3-3', '302264130264', 'STAT', 'DRP', 'SUBJECT'),
('TVL-C3-3', '302264130264', 'GUI', 'INC', 'OTHER'),
('TVL-C3-3', '302264130264', 'LIB', 'INC', 'OTHER'),
('TVL-C3-3', '302264130264', 'PTA', 'INC', 'OTHER'),
('TVL-C3-3', '114504050061', 'PHIL-ART', 'INC', 'SUBJECT'),
('TVL-C3-3', '114504050061', 'ICT', 'DRP', 'SUBJECT'),
('TVL-C3-3', '114504050061', 'ENTREP', 'DRP', 'SUBJECT'),
('TVL-C3-3', '114504050061', 'PE', 'DRP', 'SUBJECT'),
('TVL-C3-3', '114504050061', 'SCIENCE-02', 'DRP', 'SUBJECT'),
('TVL-C3-3', '114504050061', 'PROG', 'DRP', 'SUBJECT'),
('TVL-C3-3', '114504050061', 'REWR', 'DRP', 'SUBJECT'),
('TVL-C3-3', '114504050061', 'STAT', 'DRP', 'SUBJECT'),
('TVL-C3-3', '114504050061', 'GUI', 'INC', 'OTHER'),
('TVL-C3-3', '114504050061', 'LIB', 'INC', 'OTHER'),
('TVL-C3-3', '114504050061', 'PTA', 'INC', 'OTHER'),
('TVL-C3-3', '302264120277', 'PHIL-ART', 'INC', 'SUBJECT'),
('TVL-C3-3', '302264120277', 'ICT', 'DRP', 'SUBJECT'),
('TVL-C3-3', '302264120277', 'ENTREP', 'DRP', 'SUBJECT'),
('TVL-C3-3', '302264120277', 'PE', 'DRP', 'SUBJECT'),
('TVL-C3-3', '302264120277', 'SCIENCE-02', 'DRP', 'SUBJECT'),
('TVL-C3-3', '302264120277', 'PROG', 'DRP', 'SUBJECT'),
('TVL-C3-3', '302264120277', 'REWR', 'DRP', 'SUBJECT'),
('TVL-C3-3', '302264120277', 'STAT', 'DRP', 'SUBJECT'),
('TVL-C3-3', '302264120277', 'GUI', 'INC', 'OTHER'),
('TVL-C3-3', '302264120277', 'LIB', 'INC', 'OTHER'),
('TVL-C3-3', '302264120277', 'PTA', 'INC', 'OTHER'),
('TVL-C3-3', '114505050164', 'PHIL-ART', 'INC', 'SUBJECT'),
('TVL-C3-3', '114505050164', 'ICT', 'DRP', 'SUBJECT'),
('TVL-C3-3', '114505050164', 'ENTREP', 'DRP', 'SUBJECT'),
('TVL-C3-3', '114505050164', 'PE', 'DRP', 'SUBJECT'),
('TVL-C3-3', '114505050164', 'SCIENCE-02', 'DRP', 'SUBJECT'),
('TVL-C3-3', '114505050164', 'PROG', 'DRP', 'SUBJECT'),
('TVL-C3-3', '114505050164', 'REWR', 'DRP', 'SUBJECT'),
('TVL-C3-3', '114505050164', 'STAT', 'DRP', 'SUBJECT'),
('TVL-C3-3', '114505050164', 'GUI', 'INC', 'OTHER'),
('TVL-C3-3', '114505050164', 'LIB', 'INC', 'OTHER'),
('TVL-C3-3', '114505050164', 'PTA', 'INC', 'OTHER'),
('TVL-C3-3', '112760050032', 'PHIL-ART', 'INC', 'SUBJECT'),
('TVL-C3-3', '112760050032', 'ICT', 'DRP', 'SUBJECT'),
('TVL-C3-3', '112760050032', 'ENTREP', 'DRP', 'SUBJECT'),
('TVL-C3-3', '112760050032', 'PE', 'DRP', 'SUBJECT'),
('TVL-C3-3', '112760050032', 'SCIENCE-02', 'DRP', 'SUBJECT'),
('TVL-C3-3', '112760050032', 'PROG', 'DRP', 'SUBJECT'),
('TVL-C3-3', '112760050032', 'REWR', 'DRP', 'SUBJECT'),
('TVL-C3-3', '112760050032', 'STAT', 'DRP', 'SUBJECT'),
('TVL-C3-3', '112760050032', 'GUI', 'INC', 'OTHER'),
('TVL-C3-3', '112760050032', 'LIB', 'INC', 'OTHER'),
('TVL-C3-3', '112760050032', 'PTA', 'INC', 'OTHER'),
('TVL-C3-3', '113044050034', 'PHIL-ART', 'INC', 'SUBJECT'),
('TVL-C3-3', '113044050034', 'ICT', 'DRP', 'SUBJECT'),
('TVL-C3-3', '113044050034', 'ENTREP', 'DRP', 'SUBJECT'),
('TVL-C3-3', '113044050034', 'PE', 'DRP', 'SUBJECT'),
('TVL-C3-3', '113044050034', 'SCIENCE-02', 'DRP', 'SUBJECT'),
('TVL-C3-3', '113044050034', 'PROG', 'DRP', 'SUBJECT'),
('TVL-C3-3', '113044050034', 'REWR', 'DRP', 'SUBJECT'),
('TVL-C3-3', '113044050034', 'STAT', 'DRP', 'SUBJECT'),
('TVL-C3-3', '113044050034', 'GUI', 'INC', 'OTHER'),
('TVL-C3-3', '113044050034', 'LIB', 'INC', 'OTHER'),
('TVL-C3-3', '113044050034', 'PTA', 'INC', 'OTHER'),
('TVL-C3-3', '302264120274', 'PHIL-ART', 'INC', 'SUBJECT'),
('TVL-C3-3', '302264120274', 'ICT', 'DRP', 'SUBJECT'),
('TVL-C3-3', '302264120274', 'ENTREP', 'DRP', 'SUBJECT'),
('TVL-C3-3', '302264120274', 'PE', 'DRP', 'SUBJECT'),
('TVL-C3-3', '302264120274', 'SCIENCE-02', 'DRP', 'SUBJECT'),
('TVL-C3-3', '302264120274', 'PROG', 'DRP', 'SUBJECT'),
('TVL-C3-3', '302264120274', 'REWR', 'DRP', 'SUBJECT'),
('TVL-C3-3', '302264120274', 'STAT', 'DRP', 'SUBJECT'),
('TVL-C3-3', '302264120274', 'GUI', 'INC', 'OTHER'),
('TVL-C3-3', '302264120274', 'LIB', 'INC', 'OTHER'),
('TVL-C3-3', '302264120274', 'PTA', 'INC', 'OTHER'),
('TVL-C3-3', '114500050274', 'PHIL-ART', 'INC', 'SUBJECT'),
('TVL-C3-3', '114500050274', 'ICT', 'DRP', 'SUBJECT'),
('TVL-C3-3', '114500050274', 'ENTREP', 'DRP', 'SUBJECT'),
('TVL-C3-3', '114500050274', 'PE', 'DRP', 'SUBJECT'),
('TVL-C3-3', '114500050274', 'SCIENCE-02', 'DRP', 'SUBJECT'),
('TVL-C3-3', '114500050274', 'PROG', 'DRP', 'SUBJECT'),
('TVL-C3-3', '114500050274', 'REWR', 'DRP', 'SUBJECT'),
('TVL-C3-3', '114500050274', 'STAT', 'DRP', 'SUBJECT'),
('TVL-C3-3', '114500050274', 'GUI', 'INC', 'OTHER'),
('TVL-C3-3', '114500050274', 'LIB', 'INC', 'OTHER'),
('TVL-C3-3', '114500050274', 'PTA', 'INC', 'OTHER'),
('TVL-C3-3', '112451050022', 'PHIL-ART', 'INC', 'SUBJECT'),
('TVL-C3-3', '112451050022', 'ICT', 'DRP', 'SUBJECT'),
('TVL-C3-3', '112451050022', 'ENTREP', 'DRP', 'SUBJECT'),
('TVL-C3-3', '112451050022', 'PE', 'DRP', 'SUBJECT'),
('TVL-C3-3', '112451050022', 'SCIENCE-02', 'DRP', 'SUBJECT'),
('TVL-C3-3', '112451050022', 'PROG', 'DRP', 'SUBJECT'),
('TVL-C3-3', '112451050022', 'REWR', 'DRP', 'SUBJECT'),
('TVL-C3-3', '112451050022', 'STAT', 'DRP', 'SUBJECT'),
('TVL-C3-3', '112451050022', 'GUI', 'INC', 'OTHER'),
('TVL-C3-3', '112451050022', 'LIB', 'INC', 'OTHER'),
('TVL-C3-3', '112451050022', 'PTA', 'INC', 'OTHER'),
('TVL-C3-3', '114211050024', 'PHIL-ART', 'INC', 'SUBJECT'),
('TVL-C3-3', '114211050024', 'ICT', 'DRP', 'SUBJECT'),
('TVL-C3-3', '114211050024', 'ENTREP', 'DRP', 'SUBJECT'),
('TVL-C3-3', '114211050024', 'PE', 'DRP', 'SUBJECT'),
('TVL-C3-3', '114211050024', 'SCIENCE-02', 'DRP', 'SUBJECT'),
('TVL-C3-3', '114211050024', 'PROG', 'DRP', 'SUBJECT'),
('TVL-C3-3', '114211050024', 'REWR', 'DRP', 'SUBJECT'),
('TVL-C3-3', '114211050024', 'STAT', 'DRP', 'SUBJECT'),
('TVL-C3-3', '114211050024', 'GUI', 'INC', 'OTHER'),
('TVL-C3-3', '114211050024', 'LIB', 'INC', 'OTHER'),
('TVL-C3-3', '114211050024', 'PTA', 'INC', 'OTHER'),
('TVL-C3-3', '114500050117', 'PHIL-ART', 'INC', 'SUBJECT'),
('TVL-C3-3', '114500050117', 'ICT', 'DRP', 'SUBJECT'),
('TVL-C3-3', '114500050117', 'ENTREP', 'DRP', 'SUBJECT'),
('TVL-C3-3', '114500050117', 'PE', 'DRP', 'SUBJECT'),
('TVL-C3-3', '114500050117', 'SCIENCE-02', 'DRP', 'SUBJECT'),
('TVL-C3-3', '114500050117', 'PROG', 'DRP', 'SUBJECT'),
('TVL-C3-3', '114500050117', 'REWR', 'DRP', 'SUBJECT'),
('TVL-C3-3', '114500050117', 'STAT', 'DRP', 'SUBJECT'),
('TVL-C3-3', '114500050117', 'GUI', 'INC', 'OTHER'),
('TVL-C3-3', '114500050117', 'LIB', 'INC', 'OTHER'),
('TVL-C3-3', '114500050117', 'PTA', 'INC', 'OTHER'),
('TVL-C3-3', '114500050192', 'PHIL-ART', 'INC', 'SUBJECT'),
('TVL-C3-3', '114500050192', 'ICT', 'DRP', 'SUBJECT'),
('TVL-C3-3', '114500050192', 'ENTREP', 'DRP', 'SUBJECT'),
('TVL-C3-3', '114500050192', 'PE', 'DRP', 'SUBJECT'),
('TVL-C3-3', '114500050192', 'SCIENCE-02', 'DRP', 'SUBJECT'),
('TVL-C3-3', '114500050192', 'PROG', 'DRP', 'SUBJECT'),
('TVL-C3-3', '114500050192', 'REWR', 'DRP', 'SUBJECT'),
('TVL-C3-3', '114500050192', 'STAT', 'DRP', 'SUBJECT'),
('TVL-C3-3', '114500050192', 'GUI', 'INC', 'OTHER'),
('TVL-C3-3', '114500050192', 'LIB', 'INC', 'OTHER'),
('TVL-C3-3', '114500050192', 'PTA', 'INC', 'OTHER'),
('TVL-C3-3', '114500050295', 'PHIL-ART', 'INC', 'SUBJECT'),
('TVL-C3-3', '114500050295', 'ICT', 'DRP', 'SUBJECT'),
('TVL-C3-3', '114500050295', 'ENTREP', 'DRP', 'SUBJECT'),
('TVL-C3-3', '114500050295', 'PE', 'DRP', 'SUBJECT'),
('TVL-C3-3', '114500050295', 'SCIENCE-02', 'DRP', 'SUBJECT'),
('TVL-C3-3', '114500050295', 'PROG', 'DRP', 'SUBJECT'),
('TVL-C3-3', '114500050295', 'REWR', 'DRP', 'SUBJECT'),
('TVL-C3-3', '114500050295', 'STAT', 'DRP', 'SUBJECT'),
('TVL-C3-3', '114500050295', 'GUI', 'INC', 'OTHER'),
('TVL-C3-3', '114500050295', 'LIB', 'INC', 'OTHER'),
('TVL-C3-3', '114500050295', 'PTA', 'INC', 'OTHER'),
('TVL-C3-3', '114501050110', 'PHIL-ART', 'INC', 'SUBJECT'),
('TVL-C3-3', '114501050110', 'ICT', 'DRP', 'SUBJECT'),
('TVL-C3-3', '114501050110', 'ENTREP', 'DRP', 'SUBJECT'),
('TVL-C3-3', '114501050110', 'PE', 'DRP', 'SUBJECT'),
('TVL-C3-3', '114501050110', 'SCIENCE-02', 'DRP', 'SUBJECT'),
('TVL-C3-3', '114501050110', 'PROG', 'DRP', 'SUBJECT'),
('TVL-C3-3', '114501050110', 'REWR', 'DRP', 'SUBJECT'),
('TVL-C3-3', '114501050110', 'STAT', 'DRP', 'SUBJECT'),
('TVL-C3-3', '114501050110', 'GUI', 'INC', 'OTHER'),
('TVL-C3-3', '114501050110', 'LIB', 'INC', 'OTHER'),
('TVL-C3-3', '114501050110', 'PTA', 'INC', 'OTHER'),
('TVL-C3-3', '114501050131', 'PHIL-ART', 'INC', 'SUBJECT'),
('TVL-C3-3', '114501050131', 'ICT', 'DRP', 'SUBJECT'),
('TVL-C3-3', '114501050131', 'ENTREP', 'DRP', 'SUBJECT'),
('TVL-C3-3', '114501050131', 'PE', 'DRP', 'SUBJECT'),
('TVL-C3-3', '114501050131', 'SCIENCE-02', 'DRP', 'SUBJECT'),
('TVL-C3-3', '114501050131', 'PROG', 'DRP', 'SUBJECT'),
('TVL-C3-3', '114501050131', 'REWR', 'DRP', 'SUBJECT'),
('TVL-C3-3', '114501050131', 'STAT', 'DRP', 'SUBJECT'),
('TVL-C3-3', '114501050131', 'GUI', 'INC', 'OTHER'),
('TVL-C3-3', '114501050131', 'LIB', 'INC', 'OTHER'),
('TVL-C3-3', '114501050131', 'PTA', 'INC', 'OTHER'),
('TVL-C3-3', '114501050133', 'PHIL-ART', 'INC', 'SUBJECT'),
('TVL-C3-3', '114501050133', 'ICT', 'DRP', 'SUBJECT'),
('TVL-C3-3', '114501050133', 'ENTREP', 'DRP', 'SUBJECT'),
('TVL-C3-3', '114501050133', 'PE', 'DRP', 'SUBJECT'),
('TVL-C3-3', '114501050133', 'SCIENCE-02', 'DRP', 'SUBJECT'),
('TVL-C3-3', '114501050133', 'PROG', 'DRP', 'SUBJECT'),
('TVL-C3-3', '114501050133', 'REWR', 'DRP', 'SUBJECT'),
('TVL-C3-3', '114501050133', 'STAT', 'DRP', 'SUBJECT'),
('TVL-C3-3', '114501050133', 'GUI', 'INC', 'OTHER'),
('TVL-C3-3', '114501050133', 'LIB', 'INC', 'OTHER'),
('TVL-C3-3', '114501050133', 'PTA', 'INC', 'OTHER'),
('TVL-C3-3', '114517050080', 'PHIL-ART', 'INC', 'SUBJECT'),
('TVL-C3-3', '114517050080', 'ICT', 'DRP', 'SUBJECT'),
('TVL-C3-3', '114517050080', 'ENTREP', 'DRP', 'SUBJECT'),
('TVL-C3-3', '114517050080', 'PE', 'DRP', 'SUBJECT'),
('TVL-C3-3', '114517050080', 'SCIENCE-02', 'DRP', 'SUBJECT'),
('TVL-C3-3', '114517050080', 'PROG', 'DRP', 'SUBJECT'),
('TVL-C3-3', '114517050080', 'REWR', 'DRP', 'SUBJECT'),
('TVL-C3-3', '114517050080', 'STAT', 'DRP', 'SUBJECT'),
('TVL-C3-3', '114517050080', 'GUI', 'INC', 'OTHER'),
('TVL-C3-3', '114517050080', 'LIB', 'INC', 'OTHER'),
('TVL-C3-3', '114517050080', 'PTA', 'INC', 'OTHER'),
('TVL-C3-3', '302264130303', 'PHIL-ART', 'INC', 'SUBJECT'),
('TVL-C3-3', '302264130303', 'ICT', 'DRP', 'SUBJECT'),
('TVL-C3-3', '302264130303', 'ENTREP', 'DRP', 'SUBJECT'),
('TVL-C3-3', '302264130303', 'PE', 'DRP', 'SUBJECT'),
('TVL-C3-3', '302264130303', 'SCIENCE-02', 'DRP', 'SUBJECT'),
('TVL-C3-3', '302264130303', 'PROG', 'DRP', 'SUBJECT'),
('TVL-C3-3', '302264130303', 'REWR', 'DRP', 'SUBJECT'),
('TVL-C3-3', '302264130303', 'STAT', 'DRP', 'SUBJECT'),
('TVL-C3-3', '302264130303', 'GUI', 'INC', 'OTHER'),
('TVL-C3-3', '302264130303', 'LIB', 'INC', 'OTHER'),
('TVL-C3-3', '302264130303', 'PTA', 'INC', 'OTHER'),
('TVL-C3-1', '114500050256', 'PHIL-ART', 'INC', 'SUBJECT'),
('TVL-C3-1', '114500050256', 'ICT', 'DRP', 'SUBJECT'),
('TVL-C3-1', '114500050256', 'ENTREP', 'DRP', 'SUBJECT'),
('TVL-C3-1', '114500050256', 'PE', 'DRP', 'SUBJECT'),
('TVL-C3-1', '114500050256', 'SCIENCE-02', 'DRP', 'SUBJECT'),
('TVL-C3-1', '114500050256', 'PROG', 'DRP', 'SUBJECT'),
('TVL-C3-1', '114500050256', 'REWR', 'DRP', 'SUBJECT'),
('TVL-C3-1', '114500050256', 'STAT', 'DRP', 'SUBJECT'),
('TVL-C3-1', '114500050256', 'GUI', 'INC', 'OTHER'),
('TVL-C3-1', '114500050256', 'LIB', 'INC', 'OTHER'),
('TVL-C3-1', '114500050256', 'PTA', 'INC', 'OTHER'),
('TVL-C3-3', '114501050142', 'PHIL-ART', 'INC', 'SUBJECT'),
('TVL-C3-3', '114501050142', 'ICT', 'DRP', 'SUBJECT'),
('TVL-C3-3', '114501050142', 'ENTREP', 'DRP', 'SUBJECT'),
('TVL-C3-3', '114501050142', 'PE', 'DRP', 'SUBJECT'),
('TVL-C3-3', '114501050142', 'SCIENCE-02', 'DRP', 'SUBJECT'),
('TVL-C3-3', '114501050142', 'PROG', 'DRP', 'SUBJECT'),
('TVL-C3-3', '114501050142', 'REWR', 'DRP', 'SUBJECT'),
('TVL-C3-3', '114501050142', 'STAT', 'DRP', 'SUBJECT'),
('TVL-C3-3', '114501050142', 'GUI', 'INC', 'OTHER'),
('TVL-C3-3', '114501050142', 'LIB', 'INC', 'OTHER'),
('TVL-C3-3', '114501050142', 'PTA', 'INC', 'OTHER'),
('TVL-C3-3', '112787050018', 'PHIL-ART', 'INC', 'SUBJECT'),
('TVL-C3-3', '112787050018', 'ICT', 'DRP', 'SUBJECT'),
('TVL-C3-3', '112787050018', 'ENTREP', 'DRP', 'SUBJECT'),
('TVL-C3-3', '112787050018', 'PE', 'DRP', 'SUBJECT'),
('TVL-C3-3', '112787050018', 'SCIENCE-02', 'DRP', 'SUBJECT'),
('TVL-C3-3', '112787050018', 'PROG', 'DRP', 'SUBJECT'),
('TVL-C3-3', '112787050018', 'REWR', 'DRP', 'SUBJECT'),
('TVL-C3-3', '112787050018', 'STAT', 'DRP', 'SUBJECT'),
('TVL-C3-3', '112787050018', 'GUI', 'INC', 'OTHER'),
('TVL-C3-3', '112787050018', 'LIB', 'INC', 'OTHER'),
('TVL-C3-3', '112787050018', 'PTA', 'INC', 'OTHER'),
('TVL-C3-3', '114512050019', 'PHIL-ART', 'INC', 'SUBJECT'),
('TVL-C3-3', '114512050019', 'ICT', 'DRP', 'SUBJECT'),
('TVL-C3-3', '114512050019', 'ENTREP', 'DRP', 'SUBJECT'),
('TVL-C3-3', '114512050019', 'PE', 'DRP', 'SUBJECT'),
('TVL-C3-3', '114512050019', 'SCIENCE-02', 'DRP', 'SUBJECT'),
('TVL-C3-3', '114512050019', 'PROG', 'DRP', 'SUBJECT'),
('TVL-C3-3', '114512050019', 'REWR', 'DRP', 'SUBJECT'),
('TVL-C3-3', '114512050019', 'STAT', 'DRP', 'SUBJECT'),
('TVL-C3-3', '114512050019', 'GUI', 'INC', 'OTHER'),
('TVL-C3-3', '114512050019', 'LIB', 'INC', 'OTHER'),
('TVL-C3-3', '114512050019', 'PTA', 'INC', 'OTHER'),
('TVL-C3-1', '114500050003', 'PHIL-ART', 'INC', 'SUBJECT'),
('TVL-C3-1', '114500050003', 'ICT', 'DRP', 'SUBJECT'),
('TVL-C3-1', '114500050003', 'ENTREP', 'DRP', 'SUBJECT'),
('TVL-C3-1', '114500050003', 'PE', 'DRP', 'SUBJECT'),
('TVL-C3-1', '114500050003', 'SCIENCE-02', 'OK', 'SUBJECT'),
('TVL-C3-1', '114500050003', 'PROG', 'DRP', 'SUBJECT'),
('TVL-C3-1', '114500050003', 'REWR', 'OK', 'SUBJECT'),
('TVL-C3-1', '114500050003', 'STAT', 'DRP', 'SUBJECT'),
('TVL-C3-1', '114500050003', 'GUI', 'INC', 'OTHER'),
('TVL-C3-1', '114500050003', 'LIB', 'INC', 'OTHER'),
('TVL-C3-1', '114500050003', 'PTA', 'INC', 'OTHER'),
('TVL-C3-1', '302264130725', 'PHIL-ART', 'INC', 'SUBJECT'),
('TVL-C3-1', '302264130725', 'ICT', 'DRP', 'SUBJECT'),
('TVL-C3-1', '302264130725', 'ENTREP', 'DRP', 'SUBJECT'),
('TVL-C3-1', '302264130725', 'PE', 'DRP', 'SUBJECT'),
('TVL-C3-1', '302264130725', 'SCIENCE-02', 'OK', 'SUBJECT'),
('TVL-C3-1', '302264130725', 'PROG', 'DRP', 'SUBJECT'),
('TVL-C3-1', '302264130725', 'REWR', 'INC', 'SUBJECT'),
('TVL-C3-1', '302264130725', 'STAT', 'DRP', 'SUBJECT'),
('TVL-C3-1', '302264130725', 'GUI', 'INC', 'OTHER'),
('TVL-C3-1', '302264130725', 'LIB', 'INC', 'OTHER'),
('TVL-C3-1', '302264130725', 'PTA', 'INC', 'OTHER'),
('TVL C3-2', '301466120459', 'GUI', 'INC', 'OTHER'),
('TVL C3-2', '301466120459', 'LIB', 'INC', 'OTHER'),
('TVL C3-2', '301466120459', 'PTA', 'INC', 'OTHER'),
('TVL C3-2', '114508050010', 'GUI', 'INC', 'OTHER'),
('TVL C3-2', '114508050010', 'LIB', 'INC', 'OTHER'),
('TVL C3-2', '114508050010', 'PTA', 'INC', 'OTHER'),
('TVL C3-2', '114501050022', 'GUI', 'INC', 'OTHER'),
('TVL C3-2', '114501050022', 'LIB', 'INC', 'OTHER'),
('TVL C3-2', '114501050022', 'PTA', 'INC', 'OTHER'),
('TVL C3-2', '114507050009', 'GUI', 'INC', 'OTHER'),
('TVL C3-2', '114507050009', 'LIB', 'INC', 'OTHER'),
('TVL C3-2', '114507050009', 'PTA', 'INC', 'OTHER'),
('TVL C3-2', '114502050002', 'GUI', 'INC', 'OTHER'),
('TVL C3-2', '114502050002', 'LIB', 'INC', 'OTHER'),
('TVL C3-2', '114502050002', 'PTA', 'INC', 'OTHER'),
('TVL C3-2', '114502050005', 'GUI', 'INC', 'OTHER'),
('TVL C3-2', '114502050005', 'LIB', 'INC', 'OTHER'),
('TVL C3-2', '114502050005', 'PTA', 'INC', 'OTHER'),
('TVL C3-2', '114501050058', 'GUI', 'INC', 'OTHER'),
('TVL C3-2', '114501050058', 'LIB', 'INC', 'OTHER'),
('TVL C3-2', '114501050058', 'PTA', 'INC', 'OTHER'),
('TVL C3-2', '302264110381', 'GUI', 'INC', 'OTHER'),
('TVL C3-2', '302264110381', 'LIB', 'INC', 'OTHER'),
('TVL C3-2', '302264110381', 'PTA', 'INC', 'OTHER'),
('TVL C3-2', '114500050114', 'GUI', 'INC', 'OTHER'),
('TVL C3-2', '114500050114', 'LIB', 'INC', 'OTHER'),
('TVL C3-2', '114500050114', 'PTA', 'INC', 'OTHER'),
('TVL C3-2', '302264130315', 'GUI', 'INC', 'OTHER'),
('TVL C3-2', '302264130315', 'LIB', 'INC', 'OTHER'),
('TVL C3-2', '302264130315', 'PTA', 'INC', 'OTHER'),
('TVL C3-2', '114500050121', 'GUI', 'INC', 'OTHER'),
('TVL C3-2', '114500050121', 'LIB', 'INC', 'OTHER'),
('TVL C3-2', '114500050121', 'PTA', 'INC', 'OTHER'),
('TVL C3-2', '114505050052', 'GUI', 'INC', 'OTHER'),
('TVL C3-2', '114505050052', 'LIB', 'INC', 'OTHER'),
('TVL C3-2', '114505050052', 'PTA', 'INC', 'OTHER'),
('TVL C3-2', '112758050032', 'GUI', 'INC', 'OTHER'),
('TVL C3-2', '112758050032', 'LIB', 'INC', 'OTHER'),
('TVL C3-2', '112758050032', 'PTA', 'INC', 'OTHER'),
('TVL C3-2', '114500050125', 'GUI', 'INC', 'OTHER'),
('TVL C3-2', '114500050125', 'LIB', 'INC', 'OTHER'),
('TVL C3-2', '114500050125', 'PTA', 'INC', 'OTHER'),
('TVL C3-2', '112786050015', 'GUI', 'INC', 'OTHER'),
('TVL C3-2', '112786050015', 'LIB', 'INC', 'OTHER'),
('TVL C3-2', '112786050015', 'PTA', 'INC', 'OTHER'),
('TVL C3-2', '302264120300', 'GUI', 'INC', 'OTHER'),
('TVL C3-2', '302264120300', 'LIB', 'INC', 'OTHER'),
('TVL C3-2', '302264120300', 'PTA', 'INC', 'OTHER'),
('TVL C3-2', '114518050092', 'GUI', 'INC', 'OTHER'),
('TVL C3-2', '114518050092', 'LIB', 'INC', 'OTHER'),
('TVL C3-2', '114518050092', 'PTA', 'INC', 'OTHER'),
('TVL C3-2', '114500050156', 'GUI', 'INC', 'OTHER'),
('TVL C3-2', '114500050156', 'LIB', 'INC', 'OTHER'),
('TVL C3-2', '114500050156', 'PTA', 'INC', 'OTHER'),
('TVL C3-2', '114512050014', 'GUI', 'INC', 'OTHER'),
('TVL C3-2', '114512050014', 'LIB', 'INC', 'OTHER'),
('TVL C3-2', '114512050014', 'PTA', 'INC', 'OTHER'),
('TVL C3-2', '114500050204', 'GUI', 'INC', 'OTHER'),
('TVL C3-2', '114500050204', 'LIB', 'INC', 'OTHER'),
('TVL C3-2', '114500050204', 'PTA', 'INC', 'OTHER'),
('TVL C3-2', '302264120147', 'GUI', 'INC', 'OTHER'),
('TVL C3-2', '302264120147', 'LIB', 'INC', 'OTHER'),
('TVL C3-2', '302264120147', 'PTA', 'INC', 'OTHER'),
('TVL C3-2', '112797050022', 'GUI', 'INC', 'OTHER'),
('TVL C3-2', '112797050022', 'LIB', 'INC', 'OTHER'),
('TVL C3-2', '112797050022', 'PTA', 'INC', 'OTHER'),
('TVL C3-2', '114500050236', 'GUI', 'INC', 'OTHER'),
('TVL C3-2', '114500050236', 'LIB', 'INC', 'OTHER'),
('TVL C3-2', '114500050236', 'PTA', 'INC', 'OTHER'),
('TVL C3-2', '301975140097', 'GUI', 'INC', 'OTHER'),
('TVL C3-2', '301975140097', 'LIB', 'INC', 'OTHER'),
('TVL C3-2', '301975140097', 'PTA', 'INC', 'OTHER'),
('TVL C3-2', '112498050115', 'GUI', 'INC', 'OTHER'),
('TVL C3-2', '112498050115', 'LIB', 'INC', 'OTHER'),
('TVL C3-2', '112498050115', 'PTA', 'INC', 'OTHER'),
('TVL C3-2', '302264120273', 'GUI', 'INC', 'OTHER'),
('TVL C3-2', '302264120273', 'LIB', 'INC', 'OTHER'),
('TVL C3-2', '302264120273', 'PTA', 'INC', 'OTHER'),
('TVL C3-2', '114502050054', 'GUI', 'INC', 'OTHER'),
('TVL C3-2', '114502050054', 'LIB', 'INC', 'OTHER'),
('TVL C3-2', '114502050054', 'PTA', 'INC', 'OTHER'),
('TVL C3-2', '302264130559', 'GUI', 'INC', 'OTHER'),
('TVL C3-2', '302264130559', 'LIB', 'INC', 'OTHER'),
('TVL C3-2', '302264130559', 'PTA', 'INC', 'OTHER'),
('TVL C3-2', '114501050230', 'GUI', 'INC', 'OTHER'),
('TVL C3-2', '114501050230', 'LIB', 'INC', 'OTHER'),
('TVL C3-2', '114501050230', 'PTA', 'INC', 'OTHER'),
('TVL C3-2', '112506050121', 'GUI', 'INC', 'OTHER'),
('TVL C3-2', '112506050121', 'LIB', 'INC', 'OTHER'),
('TVL C3-2', '112506050121', 'PTA', 'INC', 'OTHER'),
('TVL C3-2', '114511050086', 'GUI', 'INC', 'OTHER'),
('TVL C3-2', '114511050086', 'LIB', 'INC', 'OTHER'),
('TVL C3-2', '114511050086', 'PTA', 'INC', 'OTHER'),
('TVL C3-2', '111636050027', 'GUI', 'INC', 'OTHER'),
('TVL C3-2', '111636050027', 'LIB', 'INC', 'OTHER'),
('TVL C3-2', '111636050027', 'PTA', 'INC', 'OTHER'),
('TVL C3-2', '112937050059', 'GUI', 'INC', 'OTHER'),
('TVL C3-2', '112937050059', 'LIB', 'INC', 'OTHER'),
('TVL C3-2', '112937050059', 'PTA', 'INC', 'OTHER'),
('TVL C3-2', '114501050241', 'GUI', 'INC', 'OTHER'),
('TVL C3-2', '114501050241', 'LIB', 'INC', 'OTHER'),
('TVL C3-2', '114501050241', 'PTA', 'INC', 'OTHER'),
('TVL C3-2', '114514050062', 'GUI', 'INC', 'OTHER'),
('TVL C3-2', '114514050062', 'LIB', 'INC', 'OTHER'),
('TVL C3-2', '114514050062', 'PTA', 'INC', 'OTHER'),
('TVL C3-2', '114515050096', 'GUI', 'INC', 'OTHER');
INSERT INTO `tbstudent_subject` (`Section_Code`, `LRN_Number`, `Subject_Signatory_Code`, `Status`, `Category`) VALUES
('TVL C3-2', '114515050096', 'LIB', 'INC', 'OTHER'),
('TVL C3-2', '114515050096', 'PTA', 'INC', 'OTHER'),
('TVL C3-2', '302264120337', 'GUI', 'INC', 'OTHER'),
('TVL C3-2', '302264120337', 'LIB', 'INC', 'OTHER'),
('TVL C3-2', '302264120337', 'PTA', 'INC', 'OTHER'),
('TVL C3-2', '112500050047', 'GUI', 'INC', 'OTHER'),
('TVL C3-2', '112500050047', 'LIB', 'INC', 'OTHER'),
('TVL C3-2', '112500050047', 'PTA', 'INC', 'OTHER'),
('TVL C3-2', '302264130110', 'GUI', 'INC', 'OTHER'),
('TVL C3-2', '302264130110', 'LIB', 'INC', 'OTHER'),
('TVL C3-2', '302264130110', 'PTA', 'INC', 'OTHER'),
('TVL-C3-1', '114500050061', 'ADVISER', 'DRP', 'OTHER'),
('TVL-C3-1', '112774050008', 'ADVISER', 'DRP', 'OTHER'),
('TVL-C3-1', '114497050033', 'ADVISER', 'DRP', 'OTHER'),
('TVL-C3-3', '114500050002', 'ADVISER', 'DRP', 'OTHER'),
('TVL-C3-3', '112498050029', 'ADVISER', 'DRP', 'OTHER'),
('TVL-C3-1', '302264140217', 'ADVISER', 'DRP', 'OTHER'),
('TVL-C3-1', '112812050011', 'ADVISER', 'DRP', 'OTHER'),
('GAS-1', '302264110012', 'ADVISER', 'DRP', 'OTHER'),
('GAS-1', '114500050017', 'ADVISER', 'DRP', 'OTHER'),
('GAS-1', '302264120241', 'ADVISER', 'DRP', 'OTHER'),
('SAMPLE', '109327050062', 'ADVISER', 'DRP', 'OTHER'),
('SAMPLE', '114500050042', 'ADVISER', 'DRP', 'OTHER'),
('TVL-C3-1', '113928050004', 'ADVISER', 'DRP', 'OTHER'),
('TVL-C3-1', '176505050004', 'ADVISER', 'DRP', 'OTHER'),
('TVL-C3-1', '112498050023', 'ADVISER', 'DRP', 'OTHER'),
('TVL-C3-1', '114518050021', 'ADVISER', 'DRP', 'OTHER'),
('TVL-C3-1', '112134050071', 'ADVISER', 'DRP', 'OTHER'),
('TVL-C3-1', '302264140002', 'ADVISER', 'DRP', 'OTHER'),
('TVL-C3-1', '302264130885', 'ADVISER', 'DRP', 'OTHER'),
('TVL-C3-1', '114514050027', 'ADVISER', 'DRP', 'OTHER'),
('TVL-C3-1', '114500050171', 'ADVISER', 'DRP', 'OTHER'),
('TVL-C3-1', '114500050172', 'ADVISER', 'DRP', 'OTHER'),
('TVL-C3-1', '112761050026', 'ADVISER', 'DRP', 'OTHER'),
('TVL-C3-1', '114500050196', 'ADVISER', 'DRP', 'OTHER'),
('TVL-C3-1', '302264130381', 'ADVISER', 'DRP', 'OTHER'),
('TVL-C3-1', '114508050083', 'ADVISER', 'DRP', 'OTHER'),
('TVL-C3-1', '105120050125', 'ADVISER', 'DRP', 'OTHER'),
('TVL-C3-1', '114519050027', 'ADVISER', 'DRP', 'OTHER'),
('TVL-C3-1', '114518050159', 'ADVISER', 'DRP', 'OTHER'),
('TVL-C3-1', '114501050207', 'ADVISER', 'DRP', 'OTHER'),
('TVL-C3-1', '114497050110', 'ADVISER', 'DRP', 'OTHER'),
('TVL-C3-1', '302264120287', 'ADVISER', 'DRP', 'OTHER'),
('TVL-C3-1', '302264120272', 'ADVISER', 'DRP', 'OTHER'),
('TVL-C3-1', '114497050134', 'ADVISER', 'DRP', 'OTHER'),
('TVL-C3-1', '114501050256', 'ADVISER', 'DRP', 'OTHER'),
('TVL-C3-1', '114505050149', 'ADVISER', 'DRP', 'OTHER'),
('TVL-C3-1', '112798050091', 'ADVISER', 'DRP', 'OTHER'),
('SAMPLE', '112871050003', 'ADVISER', 'DRP', 'OTHER'),
('SAMPLE', '114499050003', 'ADVISER', 'DRP', 'OTHER'),
('SAMPLE', '112789050005', 'ADVISER', 'DRP', 'OTHER'),
('TVL-C3-3', '114500050374', 'ADVISER', 'DRP', 'OTHER'),
('TVL-C3-3', '114500050400', 'ADVISER', 'DRP', 'OTHER'),
('TVL-C3-3', '114501050308', 'ADVISER', 'DRP', 'OTHER'),
('TVL-C3-3', '113915050071', 'ADVISER', 'DRP', 'OTHER'),
('TVL-C3-3', '112538050053', 'ADVISER', 'DRP', 'OTHER'),
('TVL-C3-3', '112498050184', 'ADVISER', 'DRP', 'OTHER'),
('TVL-C3-3', '114500050432', 'ADVISER', 'DRP', 'OTHER'),
('TVL-C3-3', '114511120048', 'ADVISER', 'DRP', 'OTHER'),
('TVL-C3-3', '112506050131', 'ADVISER', 'DRP', 'OTHER'),
('TVL-C3-3', '114517050134', 'ADVISER', 'DRP', 'OTHER'),
('TVL-C3-3', '112847050030', 'ADVISER', 'DRP', 'OTHER'),
('TVL-C3-3', '600060150283', 'ADVISER', 'DRP', 'OTHER'),
('TVL-C3-3', '114500050070', 'ADVISER', 'DRP', 'OTHER'),
('TVL-C3-3', '302264120023', 'ADVISER', 'DRP', 'OTHER'),
('TVL-C3-3', '302264130264', 'ADVISER', 'DRP', 'OTHER'),
('TVL-C3-3', '114504050061', 'ADVISER', 'DRP', 'OTHER'),
('TVL-C3-3', '302264120277', 'ADVISER', 'DRP', 'OTHER'),
('TVL-C3-3', '114505050164', 'ADVISER', 'DRP', 'OTHER'),
('TVL-C3-3', '112760050032', 'ADVISER', 'DRP', 'OTHER'),
('TVL-C3-3', '113044050034', 'ADVISER', 'DRP', 'OTHER'),
('TVL-C3-3', '302264120274', 'ADVISER', 'DRP', 'OTHER'),
('TVL-C3-3', '114500050274', 'ADVISER', 'DRP', 'OTHER'),
('TVL-C3-3', '112451050022', 'ADVISER', 'DRP', 'OTHER'),
('TVL-C3-3', '114211050024', 'ADVISER', 'DRP', 'OTHER'),
('TVL-C3-3', '114500050117', 'ADVISER', 'DRP', 'OTHER'),
('TVL-C3-3', '114500050192', 'ADVISER', 'DRP', 'OTHER'),
('TVL-C3-3', '114500050295', 'ADVISER', 'DRP', 'OTHER'),
('TVL-C3-3', '114501050110', 'ADVISER', 'DRP', 'OTHER'),
('TVL-C3-3', '114501050131', 'ADVISER', 'DRP', 'OTHER'),
('TVL-C3-3', '114501050133', 'ADVISER', 'DRP', 'OTHER'),
('TVL-C3-3', '114517050080', 'ADVISER', 'DRP', 'OTHER'),
('TVL-C3-3', '302264130303', 'ADVISER', 'DRP', 'OTHER'),
('TVL-C3-1', '114500050256', 'ADVISER', 'DRP', 'OTHER'),
('TVL-C3-3', '114501050142', 'ADVISER', 'DRP', 'OTHER'),
('TVL-C3-3', '112787050018', 'ADVISER', 'DRP', 'OTHER'),
('TVL-C3-3', '114512050019', 'ADVISER', 'DRP', 'OTHER'),
('TVL-C3-1', '114500050003', 'ADVISER', 'DRP', 'OTHER'),
('TVL-C3-1', '302264130725', 'ADVISER', 'DRP', 'OTHER'),
('TVL C3-2', '114508050010', 'ADVISER', 'DRP', 'OTHER'),
('TVL C3-2', '114501050022', 'ADVISER', 'DRP', 'OTHER'),
('TVL C3-2', '114507050009', 'ADVISER', 'DRP', 'OTHER'),
('TVL C3-2', '114502050002', 'ADVISER', 'DRP', 'OTHER'),
('TVL C3-2', '114502050005', 'ADVISER', 'DRP', 'OTHER'),
('TVL C3-2', '114501050058', 'ADVISER', 'DRP', 'OTHER'),
('TVL C3-2', '302264110381', 'ADVISER', 'DRP', 'OTHER'),
('TVL C3-2', '114500050114', 'ADVISER', 'DRP', 'OTHER'),
('TVL C3-2', '302264130315', 'ADVISER', 'DRP', 'OTHER'),
('TVL C3-2', '114500050121', 'ADVISER', 'DRP', 'OTHER'),
('TVL C3-2', '114505050052', 'ADVISER', 'DRP', 'OTHER'),
('TVL C3-2', '112758050032', 'ADVISER', 'DRP', 'OTHER'),
('TVL C3-2', '114500050125', 'ADVISER', 'DRP', 'OTHER'),
('TVL C3-2', '112786050015', 'ADVISER', 'DRP', 'OTHER'),
('TVL C3-2', '302264120300', 'ADVISER', 'DRP', 'OTHER'),
('TVL C3-2', '114518050092', 'ADVISER', 'DRP', 'OTHER'),
('TVL C3-2', '114500050156', 'ADVISER', 'DRP', 'OTHER'),
('TVL C3-2', '114512050014', 'ADVISER', 'DRP', 'OTHER'),
('TVL C3-2', '114500050204', 'ADVISER', 'DRP', 'OTHER'),
('TVL C3-2', '302264120147', 'ADVISER', 'DRP', 'OTHER'),
('TVL C3-2', '112797050022', 'ADVISER', 'DRP', 'OTHER'),
('TVL C3-2', '114500050236', 'ADVISER', 'DRP', 'OTHER'),
('TVL C3-2', '301975140097', 'ADVISER', 'DRP', 'OTHER'),
('TVL C3-2', '112498050115', 'ADVISER', 'DRP', 'OTHER'),
('TVL C3-2', '302264120273', 'ADVISER', 'DRP', 'OTHER'),
('TVL C3-2', '114502050054', 'ADVISER', 'DRP', 'OTHER'),
('TVL C3-2', '302264130559', 'ADVISER', 'DRP', 'OTHER'),
('TVL C3-2', '114501050230', 'ADVISER', 'DRP', 'OTHER'),
('TVL C3-2', '112506050121', 'ADVISER', 'DRP', 'OTHER'),
('TVL C3-2', '114511050086', 'ADVISER', 'DRP', 'OTHER'),
('TVL C3-2', '111636050027', 'ADVISER', 'DRP', 'OTHER'),
('TVL C3-2', '112937050059', 'ADVISER', 'DRP', 'OTHER'),
('TVL C3-2', '114501050241', 'ADVISER', 'DRP', 'OTHER'),
('TVL C3-2', '114514050062', 'ADVISER', 'DRP', 'OTHER'),
('TVL C3-2', '114515050096', 'ADVISER', 'DRP', 'OTHER'),
('TVL C3-2', '302264120337', 'ADVISER', 'DRP', 'OTHER'),
('TVL C3-2', '112500050047', 'ADVISER', 'DRP', 'OTHER'),
('TVL C3-2', '302264130110', 'ADVISER', 'DRP', 'OTHER'),
('ABM-3', '112775050001', 'ICT', 'DRP', 'SUBJECT'),
('ABM-3', '112775050001', 'ABM-3', '-', 'SUBJECT'),
('ABM-3', '112775050001', 'PHILO', '-', 'SUBJECT'),
('ABM-3', '112775050001', 'FIL-02', 'INC', 'SUBJECT'),
('ABM-3', '112775050001', 'PE', 'DRP', 'SUBJECT'),
('ABM-3', '112775050001', 'SCIENCE-02', 'DRP', 'SUBJECT'),
('ABM-3', '112775050001', 'ABM-8', '-', 'SUBJECT'),
('ABM-3', '112775050001', 'REWR', 'INC', 'SUBJECT'),
('ABM-3', '112775050001', 'ADVISER', 'DRP', 'OTHER'),
('ABM-3', '112775050001', 'GUI', 'INC', 'OTHER'),
('ABM-3', '112775050001', 'LIB', 'INC', 'OTHER'),
('ABM-3', '112775050001', 'PTA', 'INC', 'OTHER'),
('ABM-3', '114497050007', 'ICT', 'DRP', 'SUBJECT'),
('ABM-3', '114497050007', 'ABM-3', '-', 'SUBJECT'),
('ABM-3', '114497050007', 'PHILO', '-', 'SUBJECT'),
('ABM-3', '114497050007', 'FIL-02', 'INC', 'SUBJECT'),
('ABM-3', '114497050007', 'PE', 'DRP', 'SUBJECT'),
('ABM-3', '114497050007', 'SCIENCE-02', 'DRP', 'SUBJECT'),
('ABM-3', '114497050007', 'ABM-8', '-', 'SUBJECT'),
('ABM-3', '114497050007', 'REWR', 'INC', 'SUBJECT'),
('ABM-3', '114497050007', 'ADVISER', 'DRP', 'OTHER'),
('ABM-3', '114497050007', 'GUI', 'INC', 'OTHER'),
('ABM-3', '114497050007', 'LIB', 'INC', 'OTHER'),
('ABM-3', '114497050007', 'PTA', 'INC', 'OTHER'),
('ABM-3', '302264130684', 'ICT', 'DRP', 'SUBJECT'),
('ABM-3', '302264130684', 'ABM-3', '-', 'SUBJECT'),
('ABM-3', '302264130684', 'PHILO', '-', 'SUBJECT'),
('ABM-3', '302264130684', 'FIL-02', 'INC', 'SUBJECT'),
('ABM-3', '302264130684', 'PE', 'DRP', 'SUBJECT'),
('ABM-3', '302264130684', 'SCIENCE-02', 'DRP', 'SUBJECT'),
('ABM-3', '302264130684', 'ABM-8', '-', 'SUBJECT'),
('ABM-3', '302264130684', 'REWR', 'INC', 'SUBJECT'),
('ABM-3', '302264130684', 'ADVISER', 'DRP', 'OTHER'),
('ABM-3', '302264130684', 'GUI', 'INC', 'OTHER'),
('ABM-3', '302264130684', 'LIB', 'INC', 'OTHER'),
('ABM-3', '302264130684', 'PTA', 'INC', 'OTHER'),
('ABM-3', '114509050005', 'ICT', 'DRP', 'SUBJECT'),
('ABM-3', '114509050005', 'ABM-3', '-', 'SUBJECT'),
('ABM-3', '114509050005', 'PHILO', '-', 'SUBJECT'),
('ABM-3', '114509050005', 'FIL-02', 'INC', 'SUBJECT'),
('ABM-3', '114509050005', 'PE', 'DRP', 'SUBJECT'),
('ABM-3', '114509050005', 'SCIENCE-02', 'DRP', 'SUBJECT'),
('ABM-3', '114509050005', 'ABM-8', '-', 'SUBJECT'),
('ABM-3', '114509050005', 'REWR', 'INC', 'SUBJECT'),
('ABM-3', '114509050005', 'ADVISER', 'DRP', 'OTHER'),
('ABM-3', '114509050005', 'GUI', 'INC', 'OTHER'),
('ABM-3', '114509050005', 'LIB', 'INC', 'OTHER'),
('ABM-3', '114509050005', 'PTA', 'INC', 'OTHER'),
('ABM-3', '112640050001', 'ICT', 'DRP', 'SUBJECT'),
('ABM-3', '112640050001', 'ABM-3', '-', 'SUBJECT'),
('ABM-3', '112640050001', 'PHILO', '-', 'SUBJECT'),
('ABM-3', '112640050001', 'FIL-02', 'INC', 'SUBJECT'),
('ABM-3', '112640050001', 'PE', 'DRP', 'SUBJECT'),
('ABM-3', '112640050001', 'SCIENCE-02', 'DRP', 'SUBJECT'),
('ABM-3', '112640050001', 'ABM-8', '-', 'SUBJECT'),
('ABM-3', '112640050001', 'REWR', 'INC', 'SUBJECT'),
('ABM-3', '112640050001', 'ADVISER', 'DRP', 'OTHER'),
('ABM-3', '112640050001', 'GUI', 'INC', 'OTHER'),
('ABM-3', '112640050001', 'LIB', 'INC', 'OTHER'),
('ABM-3', '112640050001', 'PTA', 'INC', 'OTHER'),
('ABM-3', '302264130893', 'ICT', 'DRP', 'SUBJECT'),
('ABM-3', '302264130893', 'ABM-3', '-', 'SUBJECT'),
('ABM-3', '302264130893', 'PHILO', '-', 'SUBJECT'),
('ABM-3', '302264130893', 'FIL-02', 'INC', 'SUBJECT'),
('ABM-3', '302264130893', 'PE', 'DRP', 'SUBJECT'),
('ABM-3', '302264130893', 'SCIENCE-02', 'DRP', 'SUBJECT'),
('ABM-3', '302264130893', 'ABM-8', '-', 'SUBJECT'),
('ABM-3', '302264130893', 'REWR', 'OK', 'SUBJECT'),
('ABM-3', '302264130893', 'ADVISER', 'DRP', 'OTHER'),
('ABM-3', '302264130893', 'GUI', 'INC', 'OTHER'),
('ABM-3', '302264130893', 'LIB', 'INC', 'OTHER'),
('ABM-3', '302264130893', 'PTA', 'INC', 'OTHER'),
('ABM-3', '112770050011', 'ICT', 'DRP', 'SUBJECT'),
('ABM-3', '112770050011', 'ABM-3', '-', 'SUBJECT'),
('ABM-3', '112770050011', 'PHILO', '-', 'SUBJECT'),
('ABM-3', '112770050011', 'FIL-02', 'INC', 'SUBJECT'),
('ABM-3', '112770050011', 'PE', 'DRP', 'SUBJECT'),
('ABM-3', '112770050011', 'SCIENCE-02', 'DRP', 'SUBJECT'),
('ABM-3', '112770050011', 'ABM-8', '-', 'SUBJECT'),
('ABM-3', '112770050011', 'REWR', 'OK', 'SUBJECT'),
('ABM-3', '112770050011', 'ADVISER', 'DRP', 'OTHER'),
('ABM-3', '112770050011', 'GUI', 'INC', 'OTHER'),
('ABM-3', '112770050011', 'LIB', 'INC', 'OTHER'),
('ABM-3', '112770050011', 'PTA', 'INC', 'OTHER'),
('ABM-3', '113146050014', 'ICT', 'DRP', 'SUBJECT'),
('ABM-3', '113146050014', 'ABM-3', '-', 'SUBJECT'),
('ABM-3', '113146050014', 'PHILO', '-', 'SUBJECT'),
('ABM-3', '113146050014', 'FIL-02', 'INC', 'SUBJECT'),
('ABM-3', '113146050014', 'PE', 'DRP', 'SUBJECT'),
('ABM-3', '113146050014', 'SCIENCE-02', 'DRP', 'SUBJECT'),
('ABM-3', '113146050014', 'ABM-8', '-', 'SUBJECT'),
('ABM-3', '113146050014', 'REWR', 'OK', 'SUBJECT'),
('ABM-3', '113146050014', 'ADVISER', 'DRP', 'OTHER'),
('ABM-3', '113146050014', 'GUI', 'INC', 'OTHER'),
('ABM-3', '113146050014', 'LIB', 'INC', 'OTHER'),
('ABM-3', '113146050014', 'PTA', 'INC', 'OTHER'),
('ABM-3', '114511050015', 'ICT', 'DRP', 'SUBJECT'),
('ABM-3', '114511050015', 'ABM-3', '-', 'SUBJECT'),
('ABM-3', '114511050015', 'PHILO', '-', 'SUBJECT'),
('ABM-3', '114511050015', 'FIL-02', 'INC', 'SUBJECT'),
('ABM-3', '114511050015', 'PE', 'DRP', 'SUBJECT'),
('ABM-3', '114511050015', 'SCIENCE-02', 'DRP', 'SUBJECT'),
('ABM-3', '114511050015', 'ABM-8', '-', 'SUBJECT'),
('ABM-3', '114511050015', 'REWR', 'OK', 'SUBJECT'),
('ABM-3', '114511050015', 'ADVISER', 'DRP', 'OTHER'),
('ABM-3', '114511050015', 'GUI', 'INC', 'OTHER'),
('ABM-3', '114511050015', 'LIB', 'INC', 'OTHER'),
('ABM-3', '114511050015', 'PTA', 'INC', 'OTHER'),
('ABM-3', '301466120459', 'ICT', 'DRP', 'SUBJECT'),
('ABM-3', '301466120459', 'ABM-3', 'INC', 'SUBJECT'),
('ABM-3', '301466120459', 'PHILO', 'INC', 'SUBJECT'),
('ABM-3', '301466120459', 'FIL-02', 'DRP', 'SUBJECT'),
('ABM-3', '301466120459', 'PE', 'DRP', 'SUBJECT'),
('ABM-3', '301466120459', 'SCIENCE-02', 'DRP', 'SUBJECT'),
('ABM-3', '301466120459', 'ABM-8', 'DRP', 'SUBJECT'),
('ABM-3', '301466120459', 'REWR', 'INC', 'SUBJECT'),
('ABM-3', '301466120459', 'ADVISER', 'DRP', 'OTHER'),
('TVL-C3-1', '114500050061', 'SSG', 'DRP', 'OTHER'),
('TVL-C3-1', '112774050008', 'SSG', 'DRP', 'OTHER'),
('TVL-C3-1', '114497050033', 'SSG', 'DRP', 'OTHER'),
('TVL-C3-3', '114500050002', 'SSG', 'DRP', 'OTHER'),
('TVL-C3-3', '112498050029', 'SSG', 'DRP', 'OTHER'),
('TVL-C3-1', '302264140217', 'SSG', 'DRP', 'OTHER'),
('TVL-C3-1', '112812050011', 'SSG', 'DRP', 'OTHER'),
('GAS-1', '302264110012', 'SSG', 'DRP', 'OTHER'),
('GAS-1', '114500050017', 'SSG', 'DRP', 'OTHER'),
('GAS-1', '302264120241', 'SSG', 'DRP', 'OTHER'),
('SAMPLE', '109327050062', 'SSG', 'DRP', 'OTHER'),
('SAMPLE', '114500050042', 'SSG', 'DRP', 'OTHER'),
('TVL-C3-1', '113928050004', 'SSG', 'DRP', 'OTHER'),
('TVL-C3-1', '176505050004', 'SSG', 'DRP', 'OTHER'),
('TVL-C3-1', '112498050023', 'SSG', 'DRP', 'OTHER'),
('TVL-C3-1', '114518050021', 'SSG', 'DRP', 'OTHER'),
('TVL-C3-1', '112134050071', 'SSG', 'DRP', 'OTHER'),
('TVL-C3-1', '302264140002', 'SSG', 'DRP', 'OTHER'),
('TVL-C3-1', '302264130885', 'SSG', 'DRP', 'OTHER'),
('TVL-C3-1', '114514050027', 'SSG', 'DRP', 'OTHER'),
('TVL-C3-1', '114500050171', 'SSG', 'DRP', 'OTHER'),
('TVL-C3-1', '114500050172', 'SSG', 'DRP', 'OTHER'),
('TVL-C3-1', '112761050026', 'SSG', 'DRP', 'OTHER'),
('TVL-C3-1', '114500050196', 'SSG', 'DRP', 'OTHER'),
('TVL-C3-1', '302264130381', 'SSG', 'DRP', 'OTHER'),
('TVL-C3-1', '114508050083', 'SSG', 'DRP', 'OTHER'),
('TVL-C3-1', '105120050125', 'SSG', 'DRP', 'OTHER'),
('TVL-C3-1', '114519050027', 'SSG', 'DRP', 'OTHER'),
('TVL-C3-1', '114518050159', 'SSG', 'DRP', 'OTHER'),
('TVL-C3-1', '114501050207', 'SSG', 'DRP', 'OTHER'),
('TVL-C3-1', '114497050110', 'SSG', 'DRP', 'OTHER'),
('TVL-C3-1', '302264120287', 'SSG', 'DRP', 'OTHER'),
('TVL-C3-1', '302264120272', 'SSG', 'DRP', 'OTHER'),
('TVL-C3-1', '114497050134', 'SSG', 'DRP', 'OTHER'),
('TVL-C3-1', '114501050256', 'SSG', 'DRP', 'OTHER'),
('TVL-C3-1', '114505050149', 'SSG', 'DRP', 'OTHER'),
('TVL-C3-1', '112798050091', 'SSG', 'DRP', 'OTHER'),
('SAMPLE', '112871050003', 'SSG', 'DRP', 'OTHER'),
('SAMPLE', '114499050003', 'SSG', 'DRP', 'OTHER'),
('SAMPLE', '112789050005', 'SSG', 'DRP', 'OTHER'),
('TVL-C3-3', '114500050374', 'SSG', 'DRP', 'OTHER'),
('TVL-C3-3', '114500050400', 'SSG', 'DRP', 'OTHER'),
('TVL-C3-3', '114501050308', 'SSG', 'DRP', 'OTHER'),
('TVL-C3-3', '113915050071', 'SSG', 'DRP', 'OTHER'),
('TVL-C3-3', '112538050053', 'SSG', 'DRP', 'OTHER'),
('TVL-C3-3', '112498050184', 'SSG', 'DRP', 'OTHER'),
('TVL-C3-3', '114500050432', 'SSG', 'DRP', 'OTHER'),
('TVL-C3-3', '114511120048', 'SSG', 'DRP', 'OTHER'),
('TVL-C3-3', '112506050131', 'SSG', 'DRP', 'OTHER'),
('TVL-C3-3', '114517050134', 'SSG', 'DRP', 'OTHER'),
('TVL-C3-3', '112847050030', 'SSG', 'DRP', 'OTHER'),
('TVL-C3-3', '600060150283', 'SSG', 'DRP', 'OTHER'),
('TVL-C3-3', '114500050070', 'SSG', 'DRP', 'OTHER'),
('TVL-C3-3', '302264120023', 'SSG', 'DRP', 'OTHER'),
('TVL-C3-3', '302264130264', 'SSG', 'DRP', 'OTHER'),
('TVL-C3-3', '114504050061', 'SSG', 'DRP', 'OTHER'),
('TVL-C3-3', '302264120277', 'SSG', 'DRP', 'OTHER'),
('TVL-C3-3', '114505050164', 'SSG', 'DRP', 'OTHER'),
('TVL-C3-3', '112760050032', 'SSG', 'DRP', 'OTHER'),
('TVL-C3-3', '113044050034', 'SSG', 'DRP', 'OTHER'),
('TVL-C3-3', '302264120274', 'SSG', 'DRP', 'OTHER'),
('TVL-C3-3', '114500050274', 'SSG', 'DRP', 'OTHER'),
('TVL-C3-3', '112451050022', 'SSG', 'DRP', 'OTHER'),
('TVL-C3-3', '114211050024', 'SSG', 'DRP', 'OTHER'),
('TVL-C3-3', '114500050117', 'SSG', 'DRP', 'OTHER'),
('TVL-C3-3', '114500050192', 'SSG', 'DRP', 'OTHER'),
('TVL-C3-3', '114500050295', 'SSG', 'DRP', 'OTHER'),
('TVL-C3-3', '114501050110', 'SSG', 'DRP', 'OTHER'),
('TVL-C3-3', '114501050131', 'SSG', 'DRP', 'OTHER'),
('TVL-C3-3', '114501050133', 'SSG', 'DRP', 'OTHER'),
('TVL-C3-3', '114517050080', 'SSG', 'DRP', 'OTHER'),
('TVL-C3-3', '302264130303', 'SSG', 'DRP', 'OTHER'),
('TVL-C3-1', '114500050256', 'SSG', 'DRP', 'OTHER'),
('TVL-C3-3', '114501050142', 'SSG', 'DRP', 'OTHER'),
('TVL-C3-3', '112787050018', 'SSG', 'DRP', 'OTHER'),
('TVL-C3-3', '114512050019', 'SSG', 'DRP', 'OTHER'),
('TVL-C3-1', '114500050003', 'SSG', 'DRP', 'OTHER'),
('TVL-C3-1', '302264130725', 'SSG', 'DRP', 'OTHER'),
('TVL C3-2', '114508050010', 'SSG', 'DRP', 'OTHER'),
('TVL C3-2', '114501050022', 'SSG', 'DRP', 'OTHER'),
('TVL C3-2', '114507050009', 'SSG', 'DRP', 'OTHER'),
('TVL C3-2', '114502050002', 'SSG', 'DRP', 'OTHER'),
('TVL C3-2', '114502050005', 'SSG', 'DRP', 'OTHER'),
('TVL C3-2', '114501050058', 'SSG', 'DRP', 'OTHER'),
('TVL C3-2', '302264110381', 'SSG', 'DRP', 'OTHER'),
('TVL C3-2', '114500050114', 'SSG', 'DRP', 'OTHER'),
('TVL C3-2', '302264130315', 'SSG', 'DRP', 'OTHER'),
('TVL C3-2', '114500050121', 'SSG', 'DRP', 'OTHER'),
('TVL C3-2', '114505050052', 'SSG', 'DRP', 'OTHER'),
('TVL C3-2', '112758050032', 'SSG', 'DRP', 'OTHER'),
('TVL C3-2', '114500050125', 'SSG', 'DRP', 'OTHER'),
('TVL C3-2', '112786050015', 'SSG', 'DRP', 'OTHER'),
('TVL C3-2', '302264120300', 'SSG', 'DRP', 'OTHER'),
('TVL C3-2', '114518050092', 'SSG', 'DRP', 'OTHER'),
('TVL C3-2', '114500050156', 'SSG', 'DRP', 'OTHER'),
('TVL C3-2', '114512050014', 'SSG', 'DRP', 'OTHER'),
('TVL C3-2', '114500050204', 'SSG', 'DRP', 'OTHER'),
('TVL C3-2', '302264120147', 'SSG', 'DRP', 'OTHER'),
('TVL C3-2', '112797050022', 'SSG', 'DRP', 'OTHER'),
('TVL C3-2', '114500050236', 'SSG', 'DRP', 'OTHER'),
('TVL C3-2', '301975140097', 'SSG', 'DRP', 'OTHER'),
('TVL C3-2', '112498050115', 'SSG', 'DRP', 'OTHER'),
('TVL C3-2', '302264120273', 'SSG', 'DRP', 'OTHER'),
('TVL C3-2', '114502050054', 'SSG', 'DRP', 'OTHER'),
('TVL C3-2', '302264130559', 'SSG', 'DRP', 'OTHER'),
('TVL C3-2', '114501050230', 'SSG', 'DRP', 'OTHER'),
('TVL C3-2', '112506050121', 'SSG', 'DRP', 'OTHER'),
('TVL C3-2', '114511050086', 'SSG', 'DRP', 'OTHER'),
('TVL C3-2', '111636050027', 'SSG', 'DRP', 'OTHER'),
('TVL C3-2', '112937050059', 'SSG', 'DRP', 'OTHER'),
('TVL C3-2', '114501050241', 'SSG', 'DRP', 'OTHER'),
('TVL C3-2', '114514050062', 'SSG', 'DRP', 'OTHER'),
('TVL C3-2', '114515050096', 'SSG', 'DRP', 'OTHER'),
('TVL C3-2', '302264120337', 'SSG', 'DRP', 'OTHER'),
('TVL C3-2', '112500050047', 'SSG', 'DRP', 'OTHER'),
('TVL C3-2', '302264130110', 'SSG', 'DRP', 'OTHER'),
('ABM-3', '112775050001', 'SSG', 'DRP', 'OTHER'),
('ABM-3', '114497050007', 'SSG', 'DRP', 'OTHER'),
('ABM-3', '302264130684', 'SSG', 'DRP', 'OTHER'),
('ABM-3', '114509050005', 'SSG', 'DRP', 'OTHER'),
('ABM-3', '112640050001', 'SSG', 'DRP', 'OTHER'),
('ABM-3', '302264130893', 'SSG', 'DRP', 'OTHER'),
('ABM-3', '112770050011', 'SSG', 'DRP', 'OTHER'),
('ABM-3', '113146050014', 'SSG', 'DRP', 'OTHER'),
('ABM-3', '114511050015', 'SSG', 'DRP', 'OTHER'),
('ABM-3', '301466120459', 'SSG', NULL, 'OTHER'),
('TVL-C3-3', '114500050022', 'PHIL-ART', 'INC', 'SUBJECT'),
('TVL-C3-3', '114500050022', 'ICT', 'DRP', 'SUBJECT'),
('TVL-C3-3', '114500050022', 'ENTREP', 'DRP', 'SUBJECT'),
('TVL-C3-3', '114500050022', 'PE', 'DRP', 'SUBJECT'),
('TVL-C3-3', '114500050022', 'SCIENCE-02', 'DRP', 'SUBJECT'),
('TVL-C3-3', '114500050022', 'PROG', 'DRP', 'SUBJECT'),
('TVL-C3-3', '114500050022', 'REWR', 'DRP', 'SUBJECT'),
('TVL-C3-3', '114500050022', 'STAT', 'DRP', 'SUBJECT'),
('TVL-C3-3', '114500050022', 'ADVISER', 'DRP', 'OTHER'),
('TVL-C3-3', '114500050022', 'GUI', 'INC', 'OTHER'),
('TVL-C3-3', '114500050022', 'LIB', 'INC', 'OTHER'),
('TVL-C3-3', '114500050022', 'PTA', 'INC', 'OTHER'),
('TVL-C3-3', '114500050022', 'SSG', 'DRP', 'OTHER'),
('TVL-C3-1', '112503050003', 'PHIL-ART', 'INC', 'SUBJECT'),
('TVL-C3-1', '112503050003', 'ICT', 'INC', 'SUBJECT'),
('TVL-C3-1', '112503050003', 'ENTREP', 'INC', 'SUBJECT'),
('TVL-C3-1', '112503050003', 'PE', 'INC', 'SUBJECT'),
('TVL-C3-1', '112503050003', 'SCIENCE-02', 'INC', 'SUBJECT'),
('TVL-C3-1', '112503050003', 'PROG', 'INC', 'SUBJECT'),
('TVL-C3-1', '112503050003', 'REWR', 'INC', 'SUBJECT'),
('TVL-C3-1', '112503050003', 'STAT', 'INC', 'SUBJECT'),
('TVL-C3-1', '112503050003', 'ADVISER', 'INC', 'OTHER'),
('TVL-C3-1', '112503050003', 'GUI', 'INC', 'OTHER'),
('TVL-C3-1', '112503050003', 'LIB', 'INC', 'OTHER'),
('TVL-C3-1', '112503050003', 'PTA', 'INC', 'OTHER'),
('TVL-C3-1', '112503050003', 'SSG', 'INC', 'OTHER'),
('TVL-C3-1', '114500050061', 'LIT1', 'INC', 'SUBJECT'),
('TVL-C3-1', '112774050008', 'LIT1', 'INC', 'SUBJECT'),
('TVL-C3-1', '114497050033', 'LIT1', 'INC', 'SUBJECT'),
('TVL-C3-1', '302264140217', 'LIT1', 'INC', 'SUBJECT'),
('TVL-C3-1', '112812050011', 'LIT1', 'INC', 'SUBJECT'),
('TVL-C3-1', '113928050004', 'LIT1', 'INC', 'SUBJECT'),
('TVL-C3-1', '176505050004', 'LIT1', 'INC', 'SUBJECT'),
('TVL-C3-1', '112498050023', 'LIT1', 'INC', 'SUBJECT'),
('TVL-C3-1', '114518050021', 'LIT1', 'INC', 'SUBJECT'),
('TVL-C3-1', '112134050071', 'LIT1', 'INC', 'SUBJECT'),
('TVL-C3-1', '302264140002', 'LIT1', 'INC', 'SUBJECT'),
('TVL-C3-1', '302264130885', 'LIT1', 'INC', 'SUBJECT'),
('TVL-C3-1', '114514050027', 'LIT1', 'INC', 'SUBJECT'),
('TVL-C3-1', '114500050171', 'LIT1', 'INC', 'SUBJECT'),
('TVL-C3-1', '114500050172', 'LIT1', 'INC', 'SUBJECT'),
('TVL-C3-1', '112761050026', 'LIT1', 'INC', 'SUBJECT'),
('TVL-C3-1', '114500050196', 'LIT1', 'INC', 'SUBJECT'),
('TVL-C3-1', '302264130381', 'LIT1', 'INC', 'SUBJECT'),
('TVL-C3-1', '114508050083', 'LIT1', 'INC', 'SUBJECT'),
('TVL-C3-1', '105120050125', 'LIT1', 'INC', 'SUBJECT'),
('TVL-C3-1', '114519050027', 'LIT1', 'INC', 'SUBJECT'),
('TVL-C3-1', '114518050159', 'LIT1', 'INC', 'SUBJECT'),
('TVL-C3-1', '114501050207', 'LIT1', 'INC', 'SUBJECT'),
('TVL-C3-1', '114497050110', 'LIT1', 'INC', 'SUBJECT'),
('TVL-C3-1', '302264120287', 'LIT1', 'INC', 'SUBJECT'),
('TVL-C3-1', '302264120272', 'LIT1', 'INC', 'SUBJECT'),
('TVL-C3-1', '114497050134', 'LIT1', 'INC', 'SUBJECT'),
('TVL-C3-1', '114501050256', 'LIT1', 'INC', 'SUBJECT'),
('TVL-C3-1', '114505050149', 'LIT1', 'INC', 'SUBJECT'),
('TVL-C3-1', '112798050091', 'LIT1', 'INC', 'SUBJECT'),
('TVL-C3-1', '114500050256', 'LIT1', 'INC', 'SUBJECT'),
('TVL-C3-1', '114500050003', 'LIT1', 'INC', 'SUBJECT'),
('TVL-C3-1', '302264130725', 'LIT1', 'INC', 'SUBJECT'),
('TVL-C3-1', '112503050003', 'LIT1', 'INC', 'SUBJECT'),
('TVL-C3-1', '112779050005', 'LIT1', 'INC', 'SUBJECT'),
('TVL-C3-1', '112779050005', 'PHIL-ART', 'INC', 'SUBJECT'),
('TVL-C3-1', '112779050005', 'ICT', 'DRP', 'SUBJECT'),
('TVL-C3-1', '112779050005', 'ENTREP', 'DRP', 'SUBJECT'),
('TVL-C3-1', '112779050005', 'PE', 'DRP', 'SUBJECT'),
('TVL-C3-1', '112779050005', 'SCIENCE-02', 'OK', 'SUBJECT'),
('TVL-C3-1', '112779050005', 'PROG', 'DRP', 'SUBJECT'),
('TVL-C3-1', '112779050005', 'REWR', 'INC', 'SUBJECT'),
('TVL-C3-1', '112779050005', 'STAT', 'DRP', 'SUBJECT'),
('TVL-C3-1', '112779050005', 'ADVISER', 'DRP', 'OTHER'),
('TVL-C3-1', '112779050005', 'GUI', 'INC', 'OTHER'),
('TVL-C3-1', '112779050005', 'LIB', 'INC', 'OTHER'),
('TVL-C3-1', '112779050005', 'PTA', 'INC', 'OTHER'),
('TVL-C3-1', '112779050005', 'SSG', 'DRP', 'OTHER'),
('TVL-C3-1', '301466120459', 'RESEARCH-01', 'INC', 'SUBJECT'),
('TVL-C3-1', '301466120459', 'UCSP', 'INC', 'SUBJECT'),
('TVL-C3-1', '301466120459', 'ADVISER', 'DRP', 'OTHER'),
('TVL-C3-1', '301466120459', 'GUI', 'INC', 'OTHER'),
('TVL-C3-1', '301466120459', 'LIB', 'OK', 'OTHER'),
('TVL-C3-1', '301466120459', 'PTA', 'INC', 'OTHER'),
('TVL-C3-1', '301466120459', 'SSG', 'INC', 'OTHER'),
('TVL-C3-1', '301466120459', 'PHIL-ART', 'INC', 'SUBJECT'),
('TVL-C3-1', '114500050003', 'PHIL-ART', 'INC', 'SUBJECT'),
('TVL-C3-1', '114500050003', 'RESEARCH-01', 'INC', 'SUBJECT'),
('TVL-C3-1', '114500050003', 'UCSP', 'INC', 'SUBJECT'),
('TVL-C3-1', '114500050003', 'ADVISER', 'DRP', 'OTHER'),
('TVL-C3-1', '114500050003', 'GUI', 'INC', 'OTHER'),
('TVL-C3-1', '114500050003', 'LIB', 'INC', 'OTHER'),
('TVL-C3-1', '114500050003', 'PTA', 'INC', 'OTHER'),
('TVL-C3-1', '114500050003', 'SSG', 'DRP', 'OTHER'),
('TVL-C3-1', '176505050004', 'PHIL-ART', 'INC', 'SUBJECT'),
('TVL-C3-1', '176505050004', 'RESEARCH-01', 'INC', 'SUBJECT'),
('TVL-C3-1', '176505050004', 'UCSP', 'INC', 'SUBJECT'),
('TVL-C3-1', '176505050004', 'ADVISER', 'DRP', 'OTHER'),
('TVL-C3-1', '176505050004', 'GUI', 'INC', 'OTHER'),
('TVL-C3-1', '176505050004', 'LIB', 'INC', 'OTHER'),
('TVL-C3-1', '176505050004', 'PTA', 'INC', 'OTHER'),
('TVL-C3-1', '176505050004', 'SSG', 'DRP', 'OTHER'),
('PROG-A', '450300210166', 'ENG-01', 'INC', 'SUBJECT'),
('PROG-A', '450300210166', 'ABM-7', 'INC', 'SUBJECT'),
('PROG-A', '450300210166', 'ABM-4', 'OK', 'SUBJECT'),
('PROG-A', '450300210166', 'LIB', 'INC', 'OTHER'),
('PROG-A', '450300210166', 'PTA', 'INC', 'OTHER'),
('PROG-A', '450300210166', 'GUI', 'INC', 'OTHER'),
('PROG-A', '450300210166', 'ADVISER', 'INC', 'OTHER'),
('PROG-A', '450300210166', 'SSG', 'INC', 'OTHER'),
('PROG-A', '959757664821', 'ENG-01', 'DRP', 'SUBJECT'),
('PROG-A', '959757664821', 'ABM-7', 'INC', 'SUBJECT'),
('PROG-A', '959757664821', 'ABM-4', 'OK', 'SUBJECT'),
('PROG-A', '959757664821', 'LIB', 'OK', 'OTHER'),
('PROG-A', '959757664821', 'PTA', 'INC', 'OTHER'),
('PROG-A', '959757664821', 'GUI', 'DRP', 'OTHER'),
('PROG-A', '959757664821', 'ADVISER', 'OK', 'OTHER'),
('PROG-A', '959757664821', 'SSG', 'INC', 'OTHER'),
('PROG-A', '957084624014', 'ENG-01', 'INC', 'SUBJECT'),
('PROG-A', '957084624014', 'ABM-7', 'INC', 'SUBJECT'),
('PROG-A', '957084624014', 'ABM-4', 'INC', 'SUBJECT'),
('PROG-A', '957084624014', 'LIB', 'INC', 'OTHER'),
('PROG-A', '957084624014', 'PTA', 'INC', 'OTHER'),
('PROG-A', '957084624014', 'GUI', 'INC', 'OTHER'),
('PROG-A', '957084624014', 'ADVISER', 'INC', 'OTHER'),
('PROG-A', '957084624014', 'SSG', 'INC', 'OTHER'),
('PROG-A', '530099371151', 'ENG-01', 'INC', 'SUBJECT'),
('PROG-A', '530099371151', 'ABM-7', 'INC', 'SUBJECT'),
('PROG-A', '530099371151', 'ABM-4', 'INC', 'SUBJECT'),
('PROG-A', '530099371151', 'LIB', 'INC', 'OTHER'),
('PROG-A', '530099371151', 'PTA', 'INC', 'OTHER'),
('PROG-A', '530099371151', 'GUI', 'INC', 'OTHER'),
('PROG-A', '530099371151', 'ADVISER', 'INC', 'OTHER'),
('PROG-A', '530099371151', 'SSG', 'INC', 'OTHER'),
('TVL-C3-3', '593008623033', 'STEM-01', 'INC', 'SUBJECT'),
('TVL-C3-3', '593008623033', 'STAT', 'INC', 'SUBJECT'),
('TVL-C3-3', '593008623033', 'SCIENCE-02', 'INC', 'SUBJECT'),
('TVL-C3-3', '593008623033', 'REWR', 'INC', 'SUBJECT'),
('TVL-C3-3', '593008623033', 'PROG', 'INC', 'SUBJECT'),
('TVL-C3-3', '593008623033', 'PHIL-ART', 'INC', 'SUBJECT'),
('TVL-C3-3', '593008623033', 'PE', 'INC', 'SUBJECT'),
('TVL-C3-3', '593008623033', 'PE', 'INC', 'SUBJECT'),
('TVL-C3-3', '593008623033', 'ICT', 'INC', 'SUBJECT'),
('TVL-C3-3', '593008623033', 'ICT', 'INC', 'SUBJECT'),
('TVL-C3-3', '593008623033', 'GAS-01', 'INC', 'SUBJECT'),
('TVL-C3-3', '593008623033', 'ENTREP', 'INC', 'SUBJECT'),
('TVL-C3-3', '593008623033', 'LIB', 'INC', 'OTHER'),
('TVL-C3-3', '593008623033', 'PTA', 'INC', 'OTHER'),
('TVL-C3-3', '593008623033', 'GUI', 'INC', 'OTHER'),
('TVL-C3-3', '593008623033', 'ADVISER', 'INC', 'OTHER'),
('TVL-C3-3', '593008623033', 'SSG', 'INC', 'OTHER'),
('TVL-C3-3', '488144224037', 'STEM-01', 'INC', 'SUBJECT'),
('TVL-C3-3', '488144224037', 'STAT', 'INC', 'SUBJECT'),
('TVL-C3-3', '488144224037', 'SCIENCE-02', 'INC', 'SUBJECT'),
('TVL-C3-3', '488144224037', 'REWR', 'INC', 'SUBJECT'),
('TVL-C3-3', '488144224037', 'PROG', 'INC', 'SUBJECT'),
('TVL-C3-3', '488144224037', 'PHIL-ART', 'INC', 'SUBJECT'),
('TVL-C3-3', '488144224037', 'PE', 'INC', 'SUBJECT'),
('TVL-C3-3', '488144224037', 'PE', 'INC', 'SUBJECT'),
('TVL-C3-3', '488144224037', 'ICT', 'INC', 'SUBJECT'),
('TVL-C3-3', '488144224037', 'ICT', 'INC', 'SUBJECT'),
('TVL-C3-3', '488144224037', 'GAS-01', 'INC', 'SUBJECT'),
('TVL-C3-3', '488144224037', 'ENTREP', 'INC', 'SUBJECT'),
('TVL-C3-3', '488144224037', 'LIB', 'INC', 'OTHER'),
('TVL-C3-3', '488144224037', 'PTA', 'INC', 'OTHER'),
('TVL-C3-3', '488144224037', 'GUI', 'INC', 'OTHER'),
('TVL-C3-3', '488144224037', 'ADVISER', 'INC', 'OTHER'),
('TVL-C3-3', '488144224037', 'SSG', 'INC', 'OTHER'),
('SPORTS', '504590206517', 'STEM-03', 'INC', 'SUBJECT'),
('SPORTS', '504590206517', 'SCIENCE-01', 'INC', 'SUBJECT'),
('SPORTS', '504590206517', 'LIB', 'INC', 'OTHER'),
('SPORTS', '504590206517', 'PTA', 'INC', 'OTHER'),
('SPORTS', '504590206517', 'GUI', 'INC', 'OTHER'),
('SPORTS', '504590206517', 'ADVISER', 'INC', 'OTHER'),
('SPORTS', '504590206517', 'SSG', 'INC', 'OTHER'),
('SPORTS', '140495307984', 'STEM-03', 'OK', 'SUBJECT'),
('SPORTS', '140495307984', 'SCIENCE-01', 'INC', 'SUBJECT'),
('SPORTS', '140495307984', 'LIB', 'INC', 'OTHER'),
('SPORTS', '140495307984', 'PTA', 'INC', 'OTHER'),
('SPORTS', '140495307984', 'GUI', 'INC', 'OTHER'),
('SPORTS', '140495307984', 'ADVISER', 'INC', 'OTHER'),
('SPORTS', '140495307984', 'SSG', 'INC', 'OTHER'),
('SPORTS', '398588841724', 'STEM-03', 'DRP', 'SUBJECT'),
('SPORTS', '398588841724', 'SCIENCE-01', 'INC', 'SUBJECT'),
('SPORTS', '398588841724', 'LIB', 'INC', 'OTHER'),
('SPORTS', '398588841724', 'PTA', 'INC', 'OTHER'),
('SPORTS', '398588841724', 'GUI', 'INC', 'OTHER'),
('SPORTS', '398588841724', 'ADVISER', 'INC', 'OTHER'),
('SPORTS', '398588841724', 'SSG', 'INC', 'OTHER');

-- --------------------------------------------------------

--
-- Stand-in structure for view `tbstudent_subject_query`
--
CREATE TABLE IF NOT EXISTS `tbstudent_subject_query` (
`Section_Code` varchar(25)
,`LRN_Number` varchar(25)
,`Category` varchar(20)
,`Status` varchar(20)
,`Subject_Signatory_Code` varchar(25)
,`First_Name` varchar(25)
,`Last_Name` varchar(25)
,`Initial` varchar(25)
,`Gender` varchar(25)
);
-- --------------------------------------------------------

--
-- Table structure for table `tbsubject_list`
--

CREATE TABLE IF NOT EXISTS `tbsubject_list` (
  `Subject_Code` varchar(20) DEFAULT NULL,
  `Subject_Description` varchar(200) DEFAULT NULL,
  `Subject_Classification` varchar(50) DEFAULT NULL,
  `Track` varchar(75) DEFAULT NULL,
  `Strand` varchar(75) DEFAULT NULL
) ENGINE=InnoDB DEFAULT CHARSET=utf8;

--
-- Dumping data for table `tbsubject_list`
--

INSERT INTO `tbsubject_list` (`Subject_Code`, `Subject_Description`, `Subject_Classification`, `Track`, `Strand`) VALUES
('REWR', 'Reading and Writing', 'CORE', 'GENERAL', '-'),
('FIL-01', 'Komunikasyon at Pananaliksik sa Wika at Kulturang Filipino', 'CORE', 'GENERAL', '-'),
('FIL-02', 'Pagbasa at Pagsusuri ng Iba''t  Ibang Teksto Tungo sa Pananaliksik', 'CORE', 'GENERAL', '-'),
('LIT1', '21st Century Literature from the Philippines and the World', 'CORE', 'GENERAL', '-'),
('PHIL-ART', 'Contemporary Philippine Arts from the Regions', 'CORE', 'GENERAL', '-'),
('MEDIA', 'Media and Information Literacy', 'CORE', 'GENERAL', '-'),
('GENMAT', 'General Mathematics', 'CORE', 'GENERAL', '-'),
('STAT', 'Statistics and Probability', 'CORE', 'GENERAL', '-'),
('SCIENCE-01', 'Earth and Life Science', 'CORE', 'GENERAL', '-'),
('SCIENCE-02', 'Physical Science', 'CORE', 'GENERAL', '-'),
('PHILO', 'Introduction to Philosophy of the Human Person / Pambungad sa Pilosopiya ng Tao', 'CORE', 'GENERAL', '-'),
('PE', 'Physical Education and Health', 'CORE', 'GENERAL', '-'),
('PDOCS', 'Personal Development / Pansariling Kaunlaran', 'CORE', 'GENERAL', '-'),
('UCSP', 'Understanding Culture, Society, and Politics', 'CORE', 'GENERAL', '-'),
('ENG-01', 'English for Academic and Professional Purposes', 'CONTEXTUALIZED', 'GENERAL', '-'),
('RESEARCH-01', 'Practical Research 1', 'CONTEXTUALIZED', 'GENERAL', '-'),
('RESEARCH-02', 'Practical Research 2', 'CONTEXTUALIZED', 'GENERAL', '-'),
('FIL-03', 'Filipino sa Piling Larangan', 'CONTEXTUALIZED', 'GENERAL', '-'),
('ABM-1', 'Applied Economics', 'SPECIALIZED', 'Academic Track', 'ABM'),
('ABM-2', 'Business Ethics and Social Responsibility', 'SPECIALIZED', 'Academic Track', 'ABM'),
('ABM-3', 'Fundamentals of Accountancy, Business and Management 1', 'SPECIALIZED', 'Academic Track', 'ABM'),
('ABM-4', 'Fundamentals of Accountancy, Business and Management 2', 'SPECIALIZED', 'Academic Track', 'ABM'),
('ABM-5', 'Business Math', 'SPECIALIZED', 'Academic Track', 'ABM'),
('ABM-6', 'Business Finance', 'SPECIALIZED', 'Academic Track', 'ABM'),
('ABM-7', 'Organization and Management', 'SPECIALIZED', 'Academic Track', 'ABM'),
('ABM-8', 'Principles of Marketing', 'SPECIALIZED', 'Academic Track', 'ABM'),
('HUMSS-01', 'Creative Writing / Malikhaing Pagsulat', 'SPECIALIZED', 'Academic Track', 'HUMSS'),
('HUMSS-02', 'Introduction to World Religions and Belief Systems', 'SPECIALIZED', 'Academic Track', 'HUMSS'),
('HUMSS-03', 'Creative Nonfiction', 'SPECIALIZED', 'Academic Track', 'HUMSS'),
('HUMSS-04', 'Trends, Networks, and Critical Thinking in the 21st Century Culture', 'SPECIALIZED', 'Academic Track', 'HUMSS'),
('HUMSS-05', 'Philippine Politics and Governance', 'SPECIALIZED', 'Academic Track', 'HUMSS'),
('HUMSS-06', 'Community Engagement, Solidarity, and Citizenship', 'SPECIALIZED', 'Academic Track', 'HUMSS'),
('HUMSS-07', 'Disciplines and Ideas in the Social Sciences', 'SPECIALIZED', 'Academic Track', 'HUMSS'),
('HUMSS-08', 'Disciplines and Ideas in the Applied Social Sciences', 'SPECIALIZED', 'Academic Track', 'HUMSS'),
('HUMSS-09', 'Work Immersion/Research/Career Advocacy/Culminating Activity', 'SPECIALIZED', 'Academic Track', 'HUMSS'),
('STEM-01', 'Pre-Calculus', 'SPECIALIZED', 'Academic Track', 'STEM'),
('STEM-02', 'Basic Calculus', 'SPECIALIZED', 'Academic Track', 'STEM'),
('STEM-03', 'General Biology 1', 'SPECIALIZED', 'Academic Track', 'STEM'),
('STEM-04', 'General Biology 2', 'SPECIALIZED', 'Academic Track', 'STEM'),
('STEM-05', 'General Physics 1', 'SPECIALIZED', 'Academic Track', 'STEM'),
('STEM-06', 'General Physics 2', 'SPECIALIZED', 'Academic Track', 'STEM'),
('STEM-07', 'General Chemistry 1 and 2', 'SPECIALIZED', 'Academic Track', 'STEM'),
('GAS-01', 'Humanities 1*', 'SPECIALIZED', 'Academic Track', 'HUMMS'),
('GAS-02', 'Humanities 2*', 'SPECIALIZED', 'Academic Track', 'HUMMS'),
('GAS-03', 'Social Science 1**', 'SPECIALIZED', 'Academic Track', 'HUMMS'),
('GAS-04', 'Applied Economics', 'SPECIALIZED', 'Academic Track', 'HUMMS'),
('GAS-05', 'Organization and Management', 'SPECIALIZED', 'Academic Track', 'HUMMS'),
('GAS-06', 'Disaster Readiness and Risk Reduction', 'SPECIALIZED', 'Academic Track', 'HUMMS'),
('SPORTS-01', 'Safety and First Aid', 'SPECIALIZED', 'Sports Track', '-'),
('SPORTS-02', 'Human Movement', 'SPECIALIZED', 'Sports Track', '-'),
('SPORTS-03', 'Fundamentals of Coaching', 'SPECIALIZED', 'Sports Track', '-'),
('SPORTS-04', 'Sports Officiating and Activity Management', 'SPECIALIZED', 'Sports Track', '-'),
('SPORTS-05', 'Fitness, Sports and Recreation Leadership', 'SPECIALIZED', 'Sports Track', '-'),
('SPORTS-06', 'Psychosocial Aspects of Sports and Exercise', 'SPECIALIZED', 'Sports Track', '-'),
('SPORTS-07', 'Fitness Testing and Basic Exercise Programming', 'SPECIALIZED', 'Sports Track', '-'),
('SPORTS-08', 'Practicum (in-campus)', 'SPECIALIZED', 'Sports Track', '-'),
('ARTS-01', 'Creative Industries I: Arts and Design Appreciation and Production', 'SPECIALIZED', 'Arts and Design Track', '-'),
('ARTS-02', 'Creative Industries II: Performing Arts', 'SPECIALIZED', 'Arts and Design Track', '-'),
('ARTS-03', 'Physical and Personal Development in the Arts', 'SPECIALIZED', 'Arts and Design Track', '-'),
('ARTS-04', 'Developing Filipino Identity in the Arts', 'SPECIALIZED', 'Arts and Design Track', '-'),
('ARTS-05', 'Integrating the Elements and Principles of Organization in the Arts', 'SPECIALIZED', 'Arts and Design Track', '-'),
('ARTS-06', 'Leadership and Management in Different Arts Fields', 'SPECIALIZED', 'Arts and Design Track', '-'),
('ARTS-07', 'Apprenticeship and Exploration of Different Arts Fields', 'SPECIALIZED', 'Arts and Design Track', '-'),
('ICT', 'Empowerment ', 'CONTEXTUALIZED', 'GENERAL', '-'),
('IMMERSION', 'Immersion', 'CONTEXTUALIZED', 'GENERAL', '-'),
('PROG', 'Programming', 'SPECIALIZED', 'TVL Track', 'ICT'),
('HOUSEKEEP', 'HouseKeepping', 'SPECIALIZED', 'TVL Track', 'HOME ECONOMICS'),
('CSS', 'Computer Hardware Servicing', 'SPECIALIZED', 'TVL Track', 'ICT'),
('ORALCOM', 'Oral Communication', 'CORE', 'GENERAL', '-'),
('ENTREP', 'Entrepneurship', 'CONTEXTUALIZED', 'GENERAL', '-');

-- --------------------------------------------------------

--
-- Stand-in structure for view `tbsubject_query`
--
CREATE TABLE IF NOT EXISTS `tbsubject_query` (
`Teacher_ID` varchar(25)
,`Teacher_First_Name` varchar(20)
,`Teacher_Last_Name` varchar(20)
,`Subject_Description` varchar(200)
,`Section_code` varchar(25)
,`Subject_Code` varchar(25)
);
-- --------------------------------------------------------

--
-- Table structure for table `tbsubject_section`
--

CREATE TABLE IF NOT EXISTS `tbsubject_section` (
  `Section_code` varchar(25) DEFAULT NULL,
  `Teacher_ID` varchar(25) DEFAULT NULL,
  `Subject_Code` varchar(25) DEFAULT NULL
) ENGINE=InnoDB DEFAULT CHARSET=latin1;

--
-- Dumping data for table `tbsubject_section`
--

INSERT INTO `tbsubject_section` (`Section_code`, `Teacher_ID`, `Subject_Code`) VALUES
('ABM-4', 'TH-043', 'ICT'),
('GAS-1', 'TH-000', 'FIL-02'),
('GAS-1', 'TH-000', 'ORALCOM'),
('GAS-1', 'TH-000', 'PHIL-ART'),
('GAS-1', 'TH-000', 'MEDIA'),
('GAS-1', 'TH-000', 'UCSP'),
('GAS-1', 'TH-000', 'PE'),
('GAS-3', 'TH-040', 'FIL-02'),
('GAS-3', 'TH-040', 'ORALCOM'),
('GAS-3', 'TH-040', 'PHIL-ART'),
('GAS-3', 'TH-040', 'UCSP'),
('GAS-3', 'TH-040', 'PE'),
('GAS-3', 'TH-040', 'MEDIA'),
('SPORTS', 'TH-003', 'STEM-03'),
('SPORTS', 'TH-003', 'SCIENCE-01'),
('PROG-A', 'TH-020', 'ABM-4'),
('PROG-A', 'TH-020', 'ABM-7'),
('PROG-A', 'TH-020', 'ENG-01'),
('HUMMS-1', 'TH-032', 'ABM-1'),
('HUMMS-1', 'TH-032', 'GAS-01'),
('HUMMS-1', 'TH-032', 'FIL-01'),
('ABM-5', 'TH-003', 'ABM-5'),
('ABM-5', 'TH-003', 'ENTREP'),
('ABM-5', 'TH-003', 'LIT1'),
('ABM-4', 'TH-043', 'CSS'),
('ABM-3', 'TH-012', 'FIL-02'),
('ABM-3', 'TH-012', 'REWR'),
('ABM-3', 'TH-012', 'SCIENCE-02'),
('ABM-3', 'TH-012', 'PE'),
('ABM-3', 'TH-012', 'ICT'),
('ABM-3', 'TH-012', 'ABM-8'),
('ABM-3', 'TH-012', 'ABM-3'),
('ABM-3', 'TH-012', 'PHILO'),
('GAS-1', 'TH-019', '');

-- --------------------------------------------------------

--
-- Stand-in structure for view `tbsubject_section_query`
--
CREATE TABLE IF NOT EXISTS `tbsubject_section_query` (
`Teacher_First_Name` varchar(20)
,`Teacher_MiddleInitial` varchar(20)
,`Teacher_Last_Name` varchar(20)
,`Gender` varchar(20)
,`Subject_Code` varchar(25)
,`Teacher_ID` varchar(25)
,`Section_code` varchar(25)
,`Subject_Description` varchar(200)
);
-- --------------------------------------------------------

--
-- Table structure for table `tbteacher`
--

CREATE TABLE IF NOT EXISTS `tbteacher` (
  `Teacher_ID` varchar(20) DEFAULT NULL,
  `Teacher_First_Name` varchar(20) DEFAULT NULL,
  `Teacher_MiddleInitial` varchar(20) DEFAULT NULL,
  `Teacher_Last_Name` varchar(20) DEFAULT NULL,
  `Gender` varchar(20) DEFAULT NULL,
  `Department` varchar(50) DEFAULT NULL,
  `Password` varchar(20) DEFAULT NULL,
  `Username` varchar(20) DEFAULT NULL,
  `Status` varchar(10) DEFAULT 'Active',
  `Teacher_Profile` varchar(45) DEFAULT NULL
) ENGINE=InnoDB DEFAULT CHARSET=utf8;

--
-- Dumping data for table `tbteacher`
--

INSERT INTO `tbteacher` (`Teacher_ID`, `Teacher_First_Name`, `Teacher_MiddleInitial`, `Teacher_Last_Name`, `Gender`, `Department`, `Password`, `Username`, `Status`, `Teacher_Profile`) VALUES
('TH-001', 'Ces', '-', 'Orogo', 'Female', 'SHS', 'ces_orogo', 'ces_orogo', 'Active', 'assets/template/img/custom/user.png'),
('TH-002', 'Edgar', '-', 'Joven', 'Male', 'SHS', 'edgar_joven', 'edgar_joven', 'Active', 'assets/template/img/custom/user.png'),
('TH-003', 'Paul Christian', '-', 'Abad', 'Male', 'SHS', 'paul_christian', 'paul_christian', 'Active', 'assets/template/img/custom/user.png'),
('TH-005', 'Myra e', '-', 'Valiente', 'Female', 'MAPEH', NULL, NULL, 'Active', 'assets/template/img/custom/user.png'),
('TH-006', 'Jenny', '-', 'Llagas', 'Female', 'SHS', NULL, NULL, 'Active', 'assets/template/img/custom/user.png'),
('TH-007', 'Maribeth', 'Y', 'Acasamoso', 'Female', 'SHS', NULL, NULL, 'Active', 'assets/template/img/custom/user.png'),
('TH-008', 'Ronald', 'A', 'Meteoro', 'Male', 'SHS', NULL, NULL, 'Active', 'assets/template/img/custom/user.png'),
('TH-010', 'D', '-', 'Cortez', 'Female', 'English', NULL, NULL, 'Active', 'assets/template/img/custom/user.png'),
('TH-011', 'Joedel', '-', 'Delovino', 'Male', 'SHS', NULL, NULL, 'Active', 'assets/template/img/custom/user.png'),
('TH-012', 'Elda', 'F', 'Clores', 'Female', 'SHS', NULL, NULL, 'Active', 'assets/template/img/custom/user.png'),
('TH-014', 'Michelle', '-', 'Lee', 'Female', 'SHS', NULL, NULL, 'Active', 'assets/template/img/custom/user.png'),
('TH-016', 'Frank', 'M', 'Porcil', 'Male', 'SHS', NULL, NULL, 'Active', 'assets/template/img/custom/user.png'),
('TH-017', 'Arlene', 'R. ', 'Andes', 'Female', 'SHS', NULL, NULL, 'Active', 'assets/template/img/custom/user.png'),
('TH-018', 'Mariflor', 'P', 'Bicomog', 'Female', 'SHS', NULL, NULL, 'Active', 'assets/template/img/custom/user.png'),
('TH-019', 'Johnny ', '-', 'Samino', 'Male', 'Science', 'johnny_samino', 'johnny_samino', 'Active', 'assets/template/img/custom/user.png'),
('TH-020', 'Randy', '-', 'Bacares', 'Male', 'SHS', 'randy_bacares', 'randy_bacares', 'Active', 'assets/template/img/custom/user.png'),
('TH-021', 'Ramon', 'H', 'Nuiz', 'Male', 'SHS', 'ramon_nuiz', 'ramon_nuiz', 'Active', 'assets/template/img/custom/user.png'),
('TH-022', 'Levon', 'B', 'Magayanes', 'Male', 'SHS', NULL, NULL, 'Active', 'assets/template/img/custom/user.png'),
('TH-023', 'Mary Ann', 'P', 'Briones', 'Female', 'SHS', NULL, NULL, 'Active', 'assets/template/img/custom/user.png'),
('TH-024', 'Shiela', 'A', 'Taugan', 'Female', 'SHS', NULL, NULL, 'Active', 'assets/template/img/custom/user.png'),
('TH-025', 'Vivian', 'C', 'Beltran', 'Female', 'SHS', NULL, NULL, 'Active', 'assets/template/img/custom/user.png'),
('TH-026', 'Arlene', 'B', 'Cortez', 'Female', 'MAPEH', NULL, NULL, 'Active', 'assets/template/img/custom/user.png'),
('TH-027', 'Lilibeth', 'N', 'Sendico', 'Female', 'Science', NULL, NULL, 'Active', 'assets/template/img/custom/user.png'),
('TH-029', 'Ramon', 'SE', 'Antero', 'Male', 'SHS', 'ramon_antero', 'ramon_antero', 'Active', 'assets/template/img/custom/user.png'),
('TH-030', 'Vilma', 'C ', 'Arceo', 'Female', 'TLE', NULL, NULL, 'Active', 'assets/template/img/custom/user.png'),
('TH-031', 'Angelo', 'B', 'Perida', 'Male', 'TLE', 'angelo_perida', 'angelo_perida', 'Active', 'assets/template/img/custom/user.png'),
('TH-032', 'Awee', 'S', 'Aranquez', 'Female', 'SHS', 'awee_aranquez', 'awee_aranquez', 'Active', 'assets/template/img/custom/user.png'),
('TH-033', 'Marian Joy', 'S', 'Altar', 'Female', 'SHS', NULL, NULL, NULL, 'assets/template/img/custom/user.png'),
('TH-034', 'Ma. Elma', 'N', 'Basmayor', 'Female', 'TLE', NULL, NULL, NULL, 'assets/template/img/custom/user.png'),
('TH-035', 'Ailene', 'B', 'Dimayuga', 'Female', 'SHS', NULL, NULL, 'Active', 'assets/template/img/custom/user.png'),
('TH-036', 'Anita ', 'B', 'Guinoo', 'Female', 'SHS', NULL, NULL, 'Active', 'assets/template/img/custom/user.png'),
('TH-037', 'Rechilda', 'C ', 'Bangate', 'Female', 'SHS', NULL, NULL, 'Active', 'assets/template/img/custom/user.png'),
('TH-038', 'Estrella', 'S ', 'Llantero', 'Female', 'TLE', NULL, NULL, 'Active', 'assets/template/img/custom/user.png'),
('TH-039', 'Von Ryan', 'J', 'Berja', 'Male', 'SHS', 'von_ryan', 'von_ryan', 'Active', 'assets/template/img/custom/user.png'),
('TH-040', 'Ysmael', 'N', 'Guerrreo', 'Male', 'SHS', 'ysmael_guerrreo', 'ysmael_guerrreo', 'Active', 'assets/template/img/custom/user.png'),
('TH-041', 'Ma. Leslie Anne', 'R ', 'Manago', 'Female', 'SHS', NULL, NULL, NULL, 'assets/template/img/custom/user.png'),
('TH-042', 'Arnel', 'P', 'Renon', 'Male', 'Filifino', 'arnel_renon', 'arnel_renon', NULL, 'assets/template/img/custom/user.png'),
('TH-043', 'Crestituto', '-', 'Pacunza', 'Male', 'SHS', 'crestituto_pacunza', 'crestituto_pacunza', 'Non-Active', 'assets/template/img/custom/user.png'),
('TH-050', 'john lito', '-', 'bardinas', 'Male', 'shs', 'john_lito_bardinas', 'john_lito_bardinas', 'Active', 'assets/template/img/custom/user.png'),
('TH-051', 'marvin', '-', 'marquez', 'Male', 'iCT', 'marvin_marquez', 'marvin_marquez', 'Active', 'assets/template/img/custom/user.png'),
('TH-052', 'Sample First Name', '-', 'SampleLastname', 'Female', 'shs', 'Sample_First_Name_Sa', 'Sample_First_Name_Sa', 'Non-Active', 'assets/template/img/custom/user.png'),
('TH-000', 'None', '-', '-', '-', '-', 'none', 'none', 'active', 'assets/template/img/custom/user.png');

-- --------------------------------------------------------

--
-- Stand-in structure for view `tbteachersec`
--
CREATE TABLE IF NOT EXISTS `tbteachersec` (
`Section_code` varchar(20)
,`Teacher_ID` varchar(20)
,`fullName` varchar(63)
);
-- --------------------------------------------------------

--
-- Structure for view `tbenrolled_query`
--
DROP TABLE IF EXISTS `tbenrolled_query`;

CREATE ALGORITHM=UNDEFINED DEFINER=`root`@`localhost` SQL SECURITY DEFINER VIEW `tbenrolled_query` AS select `tbenrolled`.`Section_Code` AS `Section_Code`,`tbenrolled`.`LRN_number` AS `LRN_number`,`tbenrolled`.`Status` AS `Status`,`tbstudent`.`First_Name` AS `First_Name`,`tbstudent`.`Initial` AS `Initial`,`tbstudent`.`Gender` AS `Gender`,`tbstudent`.`Last_Name` AS `Last_Name` from (`tbenrolled` join `tbstudent` on((`tbenrolled`.`LRN_number` = `tbstudent`.`LRN_Number`)));

-- --------------------------------------------------------

--
-- Structure for view `tbsection_query`
--
DROP TABLE IF EXISTS `tbsection_query`;

CREATE ALGORITHM=UNDEFINED DEFINER=`root`@`localhost` SQL SECURITY DEFINER VIEW `tbsection_query` AS select `tbsection`.`Adviser` AS `Adviser`,`tbsection`.`Section_code` AS `Section_code`,`tbsection`.`Track` AS `Track`,`tbsection`.`Strand` AS `Strand`,`tbsection`.`Room_Number` AS `Room_Number`,`tbsection`.`Shift_Sched` AS `Shift_Sched`,`tbsection`.`HS_Type` AS `HS_Type`,`tbsection`.`Grade_level` AS `Grade_level`,`tbteacher`.`Teacher_First_Name` AS `Teacher_First_Name`,`tbteacher`.`Teacher_Last_Name` AS `Teacher_Last_Name`,`tbteacher`.`Teacher_MiddleInitial` AS `Teacher_MiddleInitial` from (`tbteacher` join `tbsection` on((`tbteacher`.`Teacher_ID` = `tbsection`.`Adviser`)));

-- --------------------------------------------------------

--
-- Structure for view `tbstudent_subject_query`
--
DROP TABLE IF EXISTS `tbstudent_subject_query`;

CREATE ALGORITHM=UNDEFINED DEFINER=`root`@`localhost` SQL SECURITY DEFINER VIEW `tbstudent_subject_query` AS select `tbstudent_subject`.`Section_Code` AS `Section_Code`,`tbstudent_subject`.`LRN_Number` AS `LRN_Number`,`tbstudent_subject`.`Category` AS `Category`,`tbstudent_subject`.`Status` AS `Status`,`tbstudent_subject`.`Subject_Signatory_Code` AS `Subject_Signatory_Code`,`tbstudent`.`First_Name` AS `First_Name`,`tbstudent`.`Last_Name` AS `Last_Name`,`tbstudent`.`Initial` AS `Initial`,`tbstudent`.`Gender` AS `Gender` from (`tbstudent_subject` join `tbstudent` on((convert(`tbstudent_subject`.`LRN_Number` using utf8) = `tbstudent`.`LRN_Number`)));

-- --------------------------------------------------------

--
-- Structure for view `tbsubject_query`
--
DROP TABLE IF EXISTS `tbsubject_query`;

CREATE ALGORITHM=UNDEFINED DEFINER=`root`@`localhost` SQL SECURITY DEFINER VIEW `tbsubject_query` AS select `tbsubject_section`.`Teacher_ID` AS `Teacher_ID`,`tbteacher`.`Teacher_First_Name` AS `Teacher_First_Name`,`tbteacher`.`Teacher_Last_Name` AS `Teacher_Last_Name`,`tbsubject_list`.`Subject_Description` AS `Subject_Description`,`tbsubject_section`.`Section_code` AS `Section_code`,`tbsubject_section`.`Subject_Code` AS `Subject_Code` from ((`tbsubject_section` join `tbteacher` on((convert(`tbsubject_section`.`Teacher_ID` using utf8) = `tbteacher`.`Teacher_ID`))) join `tbsubject_list` on((`tbsubject_list`.`Subject_Code` = convert(`tbsubject_section`.`Subject_Code` using utf8))));

-- --------------------------------------------------------

--
-- Structure for view `tbsubject_section_query`
--
DROP TABLE IF EXISTS `tbsubject_section_query`;

CREATE ALGORITHM=UNDEFINED DEFINER=`root`@`localhost` SQL SECURITY DEFINER VIEW `tbsubject_section_query` AS select `tbteacher`.`Teacher_First_Name` AS `Teacher_First_Name`,`tbteacher`.`Teacher_MiddleInitial` AS `Teacher_MiddleInitial`,`tbteacher`.`Teacher_Last_Name` AS `Teacher_Last_Name`,`tbteacher`.`Gender` AS `Gender`,`tbsubject_section`.`Subject_Code` AS `Subject_Code`,`tbsubject_section`.`Teacher_ID` AS `Teacher_ID`,`tbsubject_section`.`Section_code` AS `Section_code`,`tbsubject_list`.`Subject_Description` AS `Subject_Description` from ((`tbsubject_section` join `tbteacher` on((convert(`tbsubject_section`.`Teacher_ID` using utf8) = `tbteacher`.`Teacher_ID`))) join `tbsubject_list` on((convert(`tbsubject_section`.`Subject_Code` using utf8) = `tbsubject_list`.`Subject_Code`)));

-- --------------------------------------------------------

--
-- Structure for view `tbteachersec`
--
DROP TABLE IF EXISTS `tbteachersec`;

CREATE ALGORITHM=UNDEFINED DEFINER=`root`@`localhost` SQL SECURITY DEFINER VIEW `tbteachersec` AS (select `sec`.`Section_code` AS `Section_code`,`tch`.`Teacher_ID` AS `Teacher_ID`,lcase(concat(`tch`.`Teacher_Last_Name`,', ',`tch`.`Teacher_First_Name`,' ',`tch`.`Teacher_MiddleInitial`)) AS `fullName` from (`tbsection` `sec` join `tbteacher` `tch` on((`sec`.`Adviser` = `tch`.`Teacher_ID`))));

/*!40101 SET CHARACTER_SET_CLIENT=@OLD_CHARACTER_SET_CLIENT */;
/*!40101 SET CHARACTER_SET_RESULTS=@OLD_CHARACTER_SET_RESULTS */;
/*!40101 SET COLLATION_CONNECTION=@OLD_COLLATION_CONNECTION */;
